"","sex","sbp","snp1","snp2","snp3","snp4","snp5","snp6","snp7","snp8","snp9","snp10","snp11"
"1","MALE",152,"CC","TT","TT","TT","CC","AG","TT","CC","TT","CT","TT"
"2","FEMALE",187,"TT","TT","CC","CC","CC","AA","AT","CT","CT","CC","TT"
"3","MALE",135,"CT","AT","TC","TT",NA,"AG","AT","CC","TT","CT","TT"
"4","FEMALE",148,"CT","TT","CC","CC","CC","AA","AT","CC","TT","CT","CT"
"5","FEMALE",133,"TT","TT","CC","CC","CC","AA","TT","CC","TT","CT","TT"
"6","FEMALE",112,"CT","AT",NA,"CT","CT","AG","AT","CT","CT","CC","CT"
"7","FEMALE",165,"CT","AT","TC","CT","CC","AG","TT","CC","TT","TT","TT"
"8","FEMALE",181,"TT",NA,"TC",NA,"CC","AA",NA,"CC","CT",NA,NA
"9","FEMALE",162,"CC","TT","TC",NA,"CC","AA","AT","CT","CT","CC","CT"
"10","MALE",161,"CT","AT","TC","TT",NA,"GG","AT","CT","TT","CC","TT"
"11","FEMALE",129,"TT","TT","CC","CT","CC","GG","AA","TT","CC","CC","TT"
"12","FEMALE",147,"TT","AA","CC","TT","CT","AG","TT","CC","TT","CT","TT"
"13","MALE",144,"CT","AT","TC","TT",NA,"AG","AT","CT","CT","CT","TT"
"14","FEMALE",117,"CT","TT","CC","CC","CC","AA","TT","CC","TT","CC","CT"
"15","FEMALE",174,"CT","TT","CC","CC","CC","AA","TT","CC","TT","CT","TT"
"16","FEMALE",144,"TT","TT","CC","CC","CC","AA","TT","CC","TT","CT","TT"
"17","MALE",170,"CT","TT","TC","CT","CC","AA","AT","CC","TT","TT","TT"
"18","MALE",130,"CC","AA","TT","TT","CC","GG","AA","TT","TT","CC","TT"
"19","MALE",127,"TT","TT","CC","CC","CC","AA","TT","CC","TT","CT","TT"
"20","MALE",131,"TT","AT","CC","CT","CT","AG","AT","CT","CT","CT","TT"
"21","FEMALE",187,"TT","TT","CC","CC","CC","AA","TT","CC","TT","CC","TT"
"22","FEMALE",112,"CT","AT","CC","CT",NA,"AG","AA","CC","CT","CT","CT"
"23","MALE",127,"CT","AT","TC","TT",NA,"AA","AT","CT",NA,"CC","TT"
"24","MALE",138,"CT","TT","TC","CT","CC",NA,"AT","CC","TT","TT","TT"
"25","MALE",145,"TT","TT","CC","CC","CC","AA","TT","CC","TT","CT","TT"
"26","MALE",127,"TT","AT","CC","CT","CT","AA","AT","CT","CT","CT","TT"
"27","FEMALE",139,"TT","AA","CC","TT","CC","AA","TT","CC","TT","CT","TT"
"28","MALE",147,"TT","AT","CC","CT","CC","AA","AT",NA,"TT","CT","TT"
"29","FEMALE",133,"TT","AT","TC","CT","CC","AG","AT","CT","CT","CC","TT"
"30","MALE",130,"CT","TT","TC","CT","CC","AG","TT","CC","TT","TT","TT"
"31","FEMALE",129,"CT","TT","TC","CT","CC","AG","AT","CT","CT","CC","TT"
"32","FEMALE",123,"CT","AT","TC","TT",NA,NA,"AT","CT","CT","CT","TT"
"33","FEMALE",152,"TT","AT","CC","CT",NA,"AG","AT","CT","CT","CC","TT"
"34","MALE",164,"TT","TT","CC","CC","CC","AA","TT","CC","TT","CT","TT"
"35","FEMALE",156,"TT","AT","CC","CT","CT","AG","AT","CT",NA,"CT","TT"
"36","FEMALE",119,"TT","TT","CC","CC","CC","AA","TT","CC","TT","CC","TT"
"37","MALE",132,"TT","TT","CC","CC","CC",NA,"TT","CC","TT","CT","TT"
"38","MALE",149,"TT","AT","CC","CT","CC","AA","TT","CC","TT","CC","TT"
"39","FEMALE",129,"CT","TT","CC","CC","CT","AG","AT","CT","CT","TT","CT"
"40","MALE",139,"CT","TT","CC","CC","CC","AA","AT","CT","CT","CC","CT"
"41","MALE",140,"CC","TT","CC",NA,"CC","AA","TT","CC","TT","CT","CC"
"42","MALE",134,"CT","AT","TC","TT",NA,"GG","AT","CT","CT","CT","TT"
"43","MALE",132,"TT","AT","CC","CT","CT","AG","AT","CT","CT","CT","TT"
"44","MALE",145,"TT","AT","CC",NA,"CT","AG","TT","CC","TT","CT","TT"
"45","MALE",146,"CT","TT","TC","CT","CC","AA","TT","CC","TT","CT","TT"
"46","MALE",108,"CT","TT","TC","CT","CC","AG","AT","CC","TT","TT","TT"
"47","FEMALE",171,"CC","TT","TT","TT","CC","GG","AA","TT","TT","CC","TT"
"48","MALE",133,"CT","TT","CC","CT","CC","AA","TT",NA,"TT","TT","CT"
"49","MALE",155,"CT","TT","TC",NA,"CC","AG","AT","CT","CT","CC","TT"
"50","MALE",181,"TT","TT","CC","CC","CC","AA","TT","CC","TT","CT","TT"
"51","MALE",168,"TT","TT","CC","CC","CC","AA","TT","CC","TT","CC","TT"
"52","MALE",127,"TT","TT","CC","CC","CC","AA","TT","CC","TT","CC","TT"
"53","FEMALE",140,"TT","AT","CC",NA,"CT","AG","AT","CT","CT","CC","TT"
"54","MALE",142,"TT","AT","CC","CT","CT","GG","AA","CT","CT","CC","CT"
"55","FEMALE",164,"CC","AT","TC","CT","CC","AG","TT","CC","TT","TT","CT"
"56","FEMALE",177,"CT","TT","CC","CC","CC","AA","TT","CC","TT","TT","CT"
"57","FEMALE",161,"TT","AT","CC","CT","CC","AA","TT","CC","TT","CT","TT"
"58","MALE",150,"TT","TT","CC","CC",NA,NA,"AT","CT","CT","CC","TT"
"59","MALE",141,"CT","TT","CC","CC","CC","AA","AT","CC","TT","TT","CT"
"60","FEMALE",144,"TT","TT","CC","CC","CC","AA","TT","CC","TT","TT","TT"
"61","FEMALE",147,"CT","TT",NA,"CT","CC","AA","TT","CC","TT","CT","TT"
"62","MALE",111,"CT","TT","CC","CC","CC","AA","TT","CC","TT","CT","CT"
"63","MALE",139,"CT","TT",NA,"CC","CC","AA","TT","CC","TT","TT","CT"
"64","MALE",151,"TT","AT","CC","CT","CT",NA,"AT","CT","CT","CC","TT"
"65","MALE",161,"TT","TT","CC","CC","CC","AA","AT","CC","TT","CC","TT"
"66","MALE",119,"TT","AT","CC","CT","CT","AG","AT","CT","CT","CT","TT"
"67","MALE",151,"TT","TT","CC","CC","CC","AA","TT","CC","TT","CC","TT"
"68","MALE",150,"TT","AT","TC","CT","CC","AA","TT","CC","TT","TT","TT"
"69","FEMALE",156,"CT","TT","TC","CT","CC","AG","TT","CC","TT","CT","TT"
"70","MALE",133,"CT","AT","TC","TT",NA,"GG","AT","CC","TT","CT","TT"
"71","FEMALE",127,"CT","TT","TC","CT","CC","AA","TT","CC","TT","CC","TT"
"72","FEMALE",129,"CT","AT","CC","TT","CC",NA,"AT","CC","TT","CT","TT"
"73","FEMALE",150,"TT","AT","CC","CT","CT","AG","AT","CT","CT","CT","TT"
"74","FEMALE",150,"TT","TT","CC","CC","CC","AA","TT","CC","TT","CT","TT"
"75","MALE",135,"CT","TT","TC","CT","CC","AG","AT","CC","TT","TT","TT"
"76","MALE",152,"CT","TT","CC",NA,"CC","AA","AT","CC","CT","CC","CT"
"77","FEMALE",120,"CT","TT","CC","CC","CC","AA","AT","CC","CT","CT","CT"
"78","MALE",130,"CT","TT","CC","CC","CC","AA","TT","CC","TT","CT","CT"
"79","MALE",129,"TT","AT","CC","CT",NA,"AA","AT","CT","CT","CC","TT"
"80","MALE",128,"CT","AT","CC","CT","CT","AG","AT","CT","CT","CT","CT"
"81","MALE",126,"CT","TT","TC","CT","CC","AG","AT","CT",NA,"CT","TT"
"82","FEMALE",129,"CT","AT","TC","TT","CT","AG","TT","CC","TT","TT","TT"
"83","MALE",132,"TT","AT","CC","CT","CT","AG","TT","CC","TT","TT","TT"
"84","FEMALE",125,"TT","TT","CC","CC","CC","AG","AT","CT","CT","CC","TT"
"85","MALE",136,"CT","TT","CC","CC","CC","AA","TT","CC","TT","TT","CT"
"86","MALE",159,"CT","TT","CC","CC","CC","AA","TT","CC","TT","CT","CT"
"87","MALE",129,"TT","TT","CC",NA,"CC","AA","TT","CC","TT","CT","TT"
"88","FEMALE",142,"TT","AT","CC","CT","CT","AG","AT","CT","CT","CC","TT"
"89","FEMALE",129,"CT","TT","TC","CT","CC","AG","TT","CC","TT","CT","TT"
"90","MALE",158,"CT","TT","TC","CT","CC","AA","AT","CC","TT","CC","TT"
"91","MALE",141,"TT","TT","CC","CC","CC","AA","TT","CC","TT",NA,"TT"
"92","FEMALE",150,"CC","TT","TC","CT","CC","AA","TT","CC","TT","TT","CT"
"93","MALE",149,"CC","TT","TC","CT","CC","AA","TT","CC","TT","CT","CT"
"94","FEMALE",129,"CT","TT","CC","CC","CC","AA","TT","CC","TT","CT","CT"
"95","MALE",150,"TT","AT","CC","CT","CC","AA","TT","CC","TT","CT","TT"
"96","FEMALE",132,"CT","TT","CC","CC","CC",NA,"TT","CC","TT","TT","CT"
"97","MALE",151,"CT","TT",NA,"CC","CC","AG","AT","CT","CT","CT","CT"
"98","MALE",142,"TT","TT","CC","CC","CC","AA","TT","CC","TT","TT","TT"
"99","MALE",160,"TT","TT","CC","CC","CC","AG","AT","CT","CT","CT","TT"
"100","FEMALE",168,"TT","AA","CC","TT","CT","GG","AA","TT","CC","CC","TT"
"101","FEMALE",117,"TT","TT","CC",NA,"CC","AA",NA,"CC","TT","CC","TT"
"102","MALE",142,"CT","TT","TC","CT","CC","AA","TT","CC","TT","TT","TT"
"103","MALE",161,"TT","AT","CC","CT","CC","AG","AT","CT","CT","CC","TT"
"104","FEMALE",125,"CT","TT","TC","CT","CC","AA","AT","CC","TT","CT","TT"
"105","MALE",121,"CT","TT","CC","CC","CC","AA","TT","CC","TT","TT","CT"
"106","FEMALE",136,"TT","TT","CC","CT",NA,NA,"TT","CC","TT","CT","TT"
"107","MALE",151,"CT","AT","CC","CT","CT","AG","AT","CT","CT","CT","CT"
"108","MALE",171,"CT","TT","CC","CC","CC","AA","TT","CC","TT","CT","CT"
"109","FEMALE",140,"TT","AT","CC",NA,"CT","AA","AT","CT","CT","CC","TT"
"110","FEMALE",141,"CT","TT","TC","CT","CC","AG","AT","CC","TT","TT","TT"
"111","MALE",136,"CT","TT","TC","CT","CC","GG","AA","TT","CC","CT","TT"
"112","FEMALE",124,"CT","TT","TC","CT","CC","AA","TT","CC","TT","TT","TT"
"113","MALE",131,"CT","TT","CC","CC","CC","AA","TT","CC","TT","CT","CT"
"114","FEMALE",126,"CT","TT","TC","CT","CC","AG","AT","CC","TT","CT","TT"
"115","FEMALE",132,"CC","TT","TC","CT","CC","AA","TT","CC","TT","TT","CT"
"116","MALE",127,"TT","TT","CC","CC","CC","AA","TT","CC","TT","CC","TT"
"117","MALE",129,"CT","AT","TC","TT",NA,"GG","AT","CT","TT","CT","TT"
"118","FEMALE",154,"TT","AT","CC","CT","CT","AG","AT","CT","CT","CT","TT"
"119","MALE",135,"TT","AT","CC","CT","CT","AG","TT","CC","TT","TT","TT"
"120","MALE",138,"CC","AT","TT","TT","CC","AG","TT","CC","TT","CT","TT"
"121","FEMALE",162,"CT","TT","TC","CT","CC","GG","AT","CC","CT","CT","CT"
"122","FEMALE",125,"CT","AT","TC","TT","CC","AA","TT","CC","TT","CT","TT"
"123","MALE",156,"CT","TT","CC","CC","CC","AA","TT","CC","TT","CC","CT"
"124","FEMALE",154,"CT","AT","TC","TT",NA,"GG","AA",NA,"CT","CT","TT"
"125","FEMALE",131,"TT","TT","CC","CC","CC","AA","TT","CC","TT","CC","TT"
"126","MALE",160,"TT","TT","CC",NA,"CC","AG","AT","CC","CT","CC","CT"
"127","MALE",139,NA,NA,NA,NA,NA,NA,NA,NA,NA,NA,NA
"128","FEMALE",168,"CT","TT","CC",NA,"CC","AA","TT","CC","TT","CT","CT"
"129","MALE",158,"CT","AT","TC","TT",NA,"GG","AT","CT","CT","CT","TT"
"130","MALE",132,"TT","AT","CC","CT","CT","AG","TT","CC","TT","TT","TT"
"131","FEMALE",133,"CT","TT","CC","CC","CC","AA","TT","CC","TT","TT","CT"
"132","MALE",116,"TT","TT","CC","CC","CC","AA","TT","CC","TT","CT","TT"
"133","MALE",114,"TT","TT","CC","CC","CC","AA","TT","CC","TT","TT","TT"
"134","FEMALE",132,"CC","TT","TT","TT","CC","AA","TT","CC","TT","CC","TT"
"135","FEMALE",179,"CT","TT","CC",NA,"CC","AA","TT","CC","TT","CT","CT"
"136","FEMALE",105,"TT","TT","CC","CC","CC","AA","TT","CC","TT","CT","TT"
"137","FEMALE",145,"CT","TT","TC","CT","CC","AA","TT","CC","TT","CT","TT"
"138","MALE",141,"CT","AT","CC","CT","CC","AA","TT","CC","TT","CC","CT"
"139","FEMALE",144,"TT","TT","CC","CC","CC","AA","AT","CC","TT","TT","TT"
"140","MALE",141,"TT","TT","CC","CC","CC",NA,"TT","CC","TT","CC","TT"
"141","FEMALE",163,"TT","TT","CC","CC","CC","AA","AA","CC","TT","TT","TT"
"142","FEMALE",132,"TT","TT","CC","CT","CT","AA","TT","CC","TT","CT","TT"
"143","MALE",147,"CT","TT","TC","CT","CC","AA","TT","CC","TT","CT","TT"
"144","FEMALE",130,"TT","AT","CC","CT","CT","AA","AT","CT","CT","CT","TT"
"145","MALE",142,"CC","AT","TC","TT","CC","GG","AA","TT","TT","CC","TT"
"146","FEMALE",158,"CC","TT","TC","CT","CC",NA,"TT","CC","TT","TT","CT"
"147","MALE",110,"CT","TT","TC","CT","CC","AG","AT","CC","TT","TT","TT"
"148","FEMALE",184,"CC","TT","TT","TT","CC","AG","TT","CC","TT","CC","TT"
"149","MALE",169,"CT","TT","CC","CC","CC","AA","TT","CC","TT","CT","CT"
"150","MALE",121,"CC","TT","TC","CT","CC","AG","AT","CT","CT","CC","CT"
"151","MALE",143,"CT","TT","CC",NA,"CC","AG","AT","CC","TT","TT","CT"
"152","MALE",140,"CT","TT","CC","CC","CC","AA","TT","CC","TT","TT","CT"
"153","MALE",118,"CT","TT","TC","CT","CC","AG","AT","CC","TT","CT","TT"
"154","FEMALE",142,"TT","TT","CC","CC","CC","AA","TT","CC","TT","CT","TT"
"155","FEMALE",127,"TT",NA,"CC","CC","CC","AA","TT","CC","TT","CC","TT"
"156","MALE",168,"TT","AT","CC","CT","CC","AA","TT","CC","TT","CC","TT"
"157","MALE",114,"TT","AT","CC","CT","CT","AG","AT","CT","CT","CC","TT"
"158","FEMALE",137,"CT","TT","CC","CC","CC","AA","TT","CC","TT","CT","CT"
"159","MALE",150,"TT","TT","CC","CC","CC",NA,"TT","CC","TT","CT","TT"
"160","MALE",149,"CC","TT","TC",NA,"CC","AG","AT","CT","CT","TT","CT"
"161","MALE",118,"TT","TT","CC","CC","CC","AA","TT","CC","TT","CT","TT"
"162","MALE",129,"TT","TT","CC","CC","CC","AA","TT","CC","TT","CT","CC"
"163","FEMALE",131,"CT","TT","TC","CT","CC","AG","AT","CC","TT","CT","TT"
"164","FEMALE",164,"TT",NA,"CC",NA,"CC","AA","TT","CC","TT","TT","TT"
"165","MALE",184,"CT","AT","TT","TT","CC","GG","AA","TT","TT","CC","TT"
"166","MALE",152,"TT","TT","CC","CC","CC","AA","TT","CC","TT","CT","TT"
"167","FEMALE",143,"CT","TT","CC","CC","CC","AA","TT","CC","TT","CT","CT"
"168","MALE",140,"TT","TT","CC","CC","CC","AA","TT","CC","TT","CT","TT"
"169","MALE",142,"TT","TT","CC","CC","CC","AA","TT","CC","TT","TT","TT"
"170","FEMALE",121,"TT","TT","CC","CC","CC","AG","AT","CC","TT","CT","TT"
"171","MALE",162,NA,"AT","CC","CT","CT","AG","AT","CT","CT","CC","TT"
"172","FEMALE",113,"TT","AT","CC","CT","CC","AA","AT","CC","TT","TT","TT"
"173","MALE",148,"CT","AT","CC","CT","CT","AG","AA","CT","CT","CC","CT"
"174","FEMALE",131,"CT","AT","TC","TT",NA,"GG","AA","CT","TT","TT","TT"
"175","FEMALE",122,"TT","TT","CC","CC","CC","AA","TT","CC","TT","CT","TT"
"176","FEMALE",170,"TT","AT","CC","CT","CT",NA,"AT","CT","CT","CC","TT"
"177","MALE",125,"CT","TT","TC","CT","CC","AA","TT","CC","TT","CC","TT"
"178","MALE",133,"TT","AT","CC","CT","CT","AA","AA",NA,"CC","CC","TT"
"179","FEMALE",123,"CT","TT","CC","CC","CC","AG","AT","CT","CT","CT","CT"
"180","MALE",128,"TT","AT","CC","CT","CT","AG","TT","CC","TT","CT","TT"
"181","MALE",121,"CC","TT","CC","CC","CC","AG","AA","TT","CC","CC","CC"
"182","MALE",109,"CT","TT","TC","CT","CC","AG","AA","CC","TT","TT","TT"
"183","FEMALE",156,"TT","AT","CC","CT","CT","AG","AT","CT","TT","CT","TT"
"184","MALE",156,"CT","TT","TC","CT","CT","AA","TT","CC","TT","CT","TT"
"185","MALE",197,"CT","TT",NA,"CC",NA,NA,"AT","CC","TT","TT","CT"
"186","FEMALE",115,"CT","TT","CC","CC","CC","AA","AT","CT","CT","CC","CT"
"187","FEMALE",149,"CC","TT","TC","CT","CC","AG","AT","CC","TT","TT","CT"
"188","MALE",128,"CT","TT","TC","CT","CC","AG","AT","CC","TT","CT","TT"
"189","FEMALE",114,"CT","AT","TC","TT","CC","AG","AT","CC","TT","TT","TT"
"190","FEMALE",138,"TT","AT","CC","CT","CT","AG","TT","CC","TT","TT","TT"
"191","FEMALE",147,"TT","TT","CC","CC","CC","AA","TT","CC","TT","CT","TT"
"192","MALE",149,"CT","TT","CC","CC","CC","AA","AT","CT","CT","CC","CT"
"193","FEMALE",148,"TT","TT","CC","CC","CC","AA","TT","CC","TT","CC","TT"
"194","FEMALE",140,"CT",NA,NA,"CC","CC",NA,"TT","CC","TT","TT","CT"
"195","MALE",141,"TT","TT","CC","CC","CC","AA","TT","CC","TT","CC","TT"
"196","FEMALE",150,"CT","TT","CC","CC","CC","AA","TT","CC","TT","CT","CT"
"197","MALE",148,"TT","TT","CC","CC","CC","AA","TT","CC","TT","CT","TT"
"198","FEMALE",173,"CC","TT","TC","CT","CC","AA","TT","CC","TT","CT","CT"
"199","MALE",156,"CT","TT","TC","CT","CC","AG","AT","CC","TT","CT","TT"
"200","MALE",159,"CT","TT","TC","CT","CC","AG","TT","CC","TT","CC","TT"
"201","FEMALE",126,"CT","TT","TC","CT","CC","AG","TT","CC","TT","TT","TT"
"202","FEMALE",152,"TT","TT","CC","CC","CC","AA","AT","CC","TT","CT","TT"
"203","MALE",139,"CT","TT","TC","CT","CC","AA","TT","CC","TT","CC","TT"
"204","MALE",163,"CT","TT","CC","CC","CC","AA","TT",NA,"TT","CC","CT"
"205","FEMALE",116,"TT","AT","CC","CT","CT",NA,"AT","CT","CT","CC","TT"
"206","MALE",121,"CT","TT","TC","CT","CC","AG","AT","CT","CT","CT","TT"
"207","MALE",150,"CT","TT","TC","CT","CC","AG","AT","CC","TT","CC","TT"
"208","MALE",138,"CT","TT","CC",NA,"CC","AA","TT","CC","TT","CT","CT"
"209","MALE",151,"CT","TT",NA,NA,"CC","AA","TT","CC",NA,"CC","CT"
"210","MALE",121,"TT","TT","CC","CC","CC","AA","TT","CC","TT","CT","TT"
"211","MALE",135,"TT","AT","CC","CT","CC","AG","AT","CT","CT","CT","TT"
"212","MALE",151,"TT","AT","CC","CT","CC","AA","TT","CC","TT","CT","TT"
"213","FEMALE",157,"TT","TT","CC",NA,"CC",NA,"TT","CC","TT","CT","TT"
"214","FEMALE",128,"TT","TT","CC","CC","CC","AA","TT","CC","TT","CT","TT"
"215","MALE",148,"TT","TT","CC","CC","CC","AA","TT","CC","TT","TT","TT"
"216","FEMALE",125,"CT","AT","TC","TT",NA,"GG","AA","CT","CT","CC","TT"
"217","FEMALE",134,"TT","TT","CC",NA,"CC","AA","TT","CC","TT","CT","TT"
"218","FEMALE",148,"CT","AT","CC","CT","CT","AG","AT","CT","CT","CC","CT"
"219","FEMALE",140,"TT","AT","CC","CT","CT","AG","AT","CT","CT","TT","TT"
"220","MALE",120,"TT","TT","CC","CT","CC","AA","TT","CC","TT","CT","TT"
"221","FEMALE",123,"TT","TT","CC","CT","CC","AA","TT","CC","TT","CT","TT"
"222","MALE",167,"CT","AT","TC","TT",NA,"GG","AT","CT","CT","CC","TT"
"223","MALE",138,"TT","AT","CC","CT","CT",NA,"AT","CT","TT","CT","TT"
"224","MALE",112,"TT","AA","CC","TT","CT","AG","AT","CT","CT","CC","TT"
"225","FEMALE",136,"CT","TT","CC","CC","CC","AA","TT","CC","TT","TT","CT"
"226","FEMALE",183,"CT","TT","CC","CC","CC","AA","TT","CC","TT","CC","CT"
"227","MALE",131,"TT","TT","CC","CC","CC","AG","AT","CT","CT","CC","TT"
"228","FEMALE",134,"CT","TT","CC",NA,"CC","AA","AT","CT","CT","TT","CT"
"229","FEMALE",153,"CT","TT","TC","CT","CC","AA","TT","CC","TT","TT","TT"
"230","MALE",180,"TT","TT","CC","CC","CC",NA,"AT","CC",NA,"TT","TT"
"231","MALE",118,"CT","TT","CC","CC","CC","AG","TT","CC","TT","TT","CT"
"232","FEMALE",149,"CT","TT","CC","CC","CC","AA","TT","CC","TT","TT","CT"
"233","FEMALE",118,"TT","TT","CC","CC","CC","AG","TT","CC","TT","TT","TT"
"234","FEMALE",143,"CC","TT","TT","TT","CC","GG","AT","CT","TT","CT","TT"
"235","FEMALE",160,"CT","AT","TC","TT",NA,"GG","AT","CC","TT","CT","TT"
"236","FEMALE",164,"TT","AT","CC","CT","CT","AG","AA","CT","TT","CC","TT"
"237","MALE",135,"TT","AA","CC","TT","CC","AA","TT","CC","TT","CC","TT"
"238","MALE",132,"CC","TT","CC","CC","CC","AA","TT","CC","TT","TT","CC"
"239","MALE",137,"TT","TT","CC","CC","CC","AA","TT","CC","TT","CC","TT"
"240","MALE",113,"CC","TT","TT","TT","CC",NA,"AA","CT","TT","CC","TT"
"241","FEMALE",140,"CT","AT","CC","CT","CT","AG","AT","CT","CT","CC","TT"
"242","MALE",136,"CT","TT","TC","CT","CC","AA","TT","CC",NA,"CT","TT"
"243","FEMALE",134,"TT","AT","CC","CT","CT","AG","AA","CT","CC","CC","TT"
"244","MALE",140,"TT","AT","CC","TT","TT","AG","TT","CC","TT","TT","TT"
"245","FEMALE",160,"TT",NA,"CC",NA,"CT","AG","TT","CC","TT","CC","TT"
"246","MALE",156,"TT","AT","CC","CT","CT","AG","AT","CT","CT","TT","TT"
"247","FEMALE",183,"TT","AT","CC","CT","CC",NA,"TT","CC","TT","CC","TT"
"248","MALE",120,"CT","AT","TC","TT",NA,"GG","AT","CT","CT","TT","TT"
"249","FEMALE",180,"CT","TT","CC","CC","CC","AA","TT","CC","TT","TT","CT"
"250","MALE",131,"TT","AT","CC","CT","CT","AG","AT","CT","CT","CC","TT"
"251","FEMALE",168,"CT","AT","TC","TT","CC",NA,"AT","CT","CT","CC","TT"
"252","MALE",122,"TT","TT","CC","CC","CC","AA","TT","CC","TT","CT","TT"
"253","MALE",136,"CT","TT","TC","CT","CC","AG","AT","CC","TT","CC","TT"
"254","FEMALE",117,"CC","TT","TC","CT","CC","AA","TT","CC","TT","TT","CT"
"255","MALE",128,"CC","TT","CC","CC","CC","AA","TT","CC","TT","TT","CC"
"256","MALE",147,"CT","TT","CC","CC","CC","AA","TT","CC","TT","CT","CT"
"257","FEMALE",136,"TT","TT","CC","CC","CC","AG","AT","CC","CT","CT","CT"
"258","MALE",128,"TT","TT","CC","CC","CC","AA","TT","CC","TT","CC","TT"
"259","MALE",124,"CC","TT","TC","CT","CC","AG","TT","CC","TT","TT","CT"
"260","MALE",130,"CT","TT","CC","CC","CC","AA","TT","CC","TT",NA,"CT"
"261","MALE",148,"TT","TT","CC","CC","CC","AA","TT","CC","TT","CT","TT"
"262","MALE",149,"CT","TT","CC","CC","CC","AA","TT","CC","TT","CT","CT"
"263","MALE",141,"CT","AT","TC","TT",NA,"AG","AA",NA,"CC","CC","TT"
"264","FEMALE",118,"CT","AT","CC","CT","CT","AG","AT","CT","CT","CC","CT"
"265","FEMALE",142,"TT","TT","CC","CC","CC","AA","TT","CC","TT","CT","TT"
"266","FEMALE",134,"TT","AT","CC",NA,NA,"GG","AA","CT","CT","TT","TT"
"267","MALE",116,"TT","TT","CC","CC","CC","AA","TT","CC","TT","CC","TT"
"268","MALE",134,"TT","TT","CC","CC","CC","AG","AT","CT","CT","CT","TT"
"269","FEMALE",121,"TT","TT","CC","CC","CC","AG","AT","CT","CT","TT","TT"
"270","FEMALE",139,"CT","TT","CC","CC","CC","AA","TT","CC","TT","CT","CT"
"271","FEMALE",146,"CT","TT","CC","CC","CC","GG","AA","TT","CC","CC","CT"
"272","FEMALE",148,"TT","AT","CC",NA,"CT","AG","AA","CT","CT","CT","TT"
"273","MALE",156,"TT","AA","CC","TT","CT","AG","AT","CT","TT","CT","TT"
"274","FEMALE",144,"CT","TT","CC","CC","CC","AG","AT","CT","CT","CT","CT"
"275","MALE",148,"TT","TT","CC","CC","CC","AA","TT","CC","TT","TT","TT"
"276","FEMALE",122,"TT","AA","CC",NA,"TT","GG","AA","TT","CC","TT","TT"
"277","FEMALE",168,"CC","TT","TT","TT","CC","AG","AT","CC","TT","CT","TT"
"278","FEMALE",157,"CC","AT","TT","TT","CC","AG","TT","CC","TT","TT","TT"
"279","FEMALE",149,"CT","AT","TC","TT",NA,"GG","AA","TT","CC","CC","TT"
"280","FEMALE",180,"CT","TT","TC","CT","CC","AA","AT","CC","TT","TT","TT"
"281","MALE",130,"CC","TT","TT","TT",NA,"GG","AT","CT","CT","CC","TT"
"282","MALE",139,"CT","TT","TC","CT","CC","AG","AT","CT","CT","CC","TT"
"283","FEMALE",138,"CT","AT","CC","CT","CT","AG","AT","CT","CT","CT","CT"
"284","FEMALE",190,"CC","TT","TC",NA,"CC","AA","AT","CT","CT","CC","CT"
"285","MALE",130,"TT","TT","CC","CC","CC","AA","TT","CC","TT","CC","TT"
"286","MALE",148,"TT","AT","CC",NA,"CC","AG","AT","CT","CT","CC","TT"
"287","FEMALE",130,"TT","AT","CC","CT","CC","AA","TT","CC","TT","CT","TT"
"288","MALE",148,"CT","AT","CC","CT","CT","AG","AA","CT","CT","CC","CT"
"289","FEMALE",140,"CC","TT","TT","TT","CC","AG","AT","CC","TT","CC","TT"
"290","MALE",124,NA,NA,NA,NA,NA,NA,NA,NA,NA,NA,NA
"291","FEMALE",141,"CT","TT","TC","CT","CC","AG","TT","CC","TT","CT","TT"
"292","FEMALE",124,"CT","TT","TC","CT","CC","AG","AT","CT","CT","CC","TT"
"293","MALE",141,"CT","TT","TC","CT","CC","AA","AT","CC","TT","CT","TT"
"294","FEMALE",135,"CT","TT","CC","CC","CC","AA","TT","CC","TT","CT","CT"
"295","MALE",178,"TT","TT","CC","CC","CC","AA","TT","CC","TT","CT","TT"
"296","FEMALE",143,"CC","TT","TC","CT","CC","AG","AT","CC","TT","CT","CT"
"297","MALE",186,"CT","AA","TC","TT","CC","AG","TT","CC","TT","TT","TT"
"298","MALE",132,"CC","AA","TT","TT","CC","GG","AA","TT","TT","CC","TT"
"299","FEMALE",122,"TT","TT","CC","CC","CC","AA","TT","CC","TT","TT","TT"
"300","FEMALE",158,"CT","TT","TC","CT","CC","AA","TT","CC","TT","CT","TT"
"301","FEMALE",142,"CT","TT","TC","CT","CC","AG","TT","CC","TT","CT","TT"
"302","MALE",159,"CT","TT","CC","CC","CC","AA","AT","CC","TT","TT","CT"
"303","FEMALE",108,"TT","TT","CC","CC","CC","AA","TT","CC","TT","CT","TT"
"304","MALE",149,"CT","AT","TC","TT","CT","AG","AT","CT","CT","CT","TT"
"305","FEMALE",149,"TT","AT","CC","CT","TT","GG","AT","CT","CT","CC","TT"
"306","FEMALE",150,"CT","TT","CC","CC","CC","AA","AT","CC","TT","TT","CT"
"307","MALE",136,"TT","TT","CC","CC","CC","AA","TT","CC","TT","TT","TT"
"308","MALE",140,"CT","TT","CC","CC","CC","AG","TT","CC","TT","TT","CT"
"309","FEMALE",128,"CT","TT","CC","CC","CC","AA","TT","CC","TT","CT","CT"
"310","MALE",150,"CT","AT","TC","TT","CC","AG","AT","CC","TT","CC","TT"
"311","FEMALE",110,"CC","TT","TC","CT","CC","AA","TT","CC","TT","CC","CT"
"312","FEMALE",141,"TT","TT",NA,"CC","CC","AA","TT","CC",NA,"CT","TT"
"313","FEMALE",151,"TT","TT","CC","CC","CC","AA","AT","CC","TT","CT","TT"
"314","MALE",131,"CT","TT","TC","CT","CC","AG","AT","CT","CT","CC","TT"
"315","FEMALE",135,"TT","AT","CC","TT","CT","AG","AT","CT","CT","CC","TT"
"316","MALE",129,"CT","TT","CC","CC","CC","AA","TT","CC","TT","CT","CT"
"317","FEMALE",112,"TT","TT","CC","CC","CC","AA","TT","CC","TT","CC","TT"
"318","MALE",146,"CT","TT","CC","CC","CC","AA","TT","CC","TT","CT","CT"
"319","FEMALE",119,"TT","TT","CC","CC","CC","AG","AT","CT","CT","CT","TT"
"320","MALE",128,"TT","AT","CC","CT","CC","AA","TT","CC","TT","CC","TT"
"321","MALE",129,"CT","TT","CC","CC","CC","AA","TT","CC","TT","CT","CT"
"322","FEMALE",159,"CC","TT","TC","CT","CC","AG","TT","CC","TT","CC","CT"
"323","MALE",131,"CT","TT","TC","CT","CC","AA","TT","CC","TT","CT","TT"
"324","MALE",142,NA,NA,NA,NA,NA,NA,NA,NA,NA,NA,NA
"325","FEMALE",158,"CT","TT","TC","CT","CC","AA","TT","CC","TT","CT","TT"
"326","FEMALE",183,"TT","TT","CC","CC","CC","AA","TT","CC","TT","CT","TT"
"327","MALE",140,"CT","TT","TC","CT","CC","AA","TT","CC","TT","CT","TT"
"328","FEMALE",112,"CT","TT","CC","CC","CC","AA","TT","CC","TT","CC","CT"
"329","FEMALE",141,"CT","TT","TC","CT","CC","AA","AT","CT","TT","CT","TT"
"330","MALE",121,"CT","TT","CC","CC","CC","AA","AT","CC","TT","CT","CT"
"331","FEMALE",140,"TT","TT","CC","CC","CC","AA","AT","CC","TT","CT","TT"
"332","FEMALE",137,"TT","TT","CC","CC","CC","AA","TT","CC","TT","CT","TT"
"333","MALE",127,"CC","TT","CC","CC","CC","AA","AT","CT","CT","CT","CC"
"334","FEMALE",164,"TT","TT","CC","CC","CC","AA","TT","CC","TT","CT","TT"
"335","MALE",141,"CT","TT","TC","TT","CC","AG","AT","CT","CT","CT","TT"
"336","MALE",150,"TT","TT","CC","CC","CC","AA","TT","CC","TT","TT","TT"
"337","FEMALE",137,"CT","TT","CC","CC","CC","AA","TT","CC","TT","TT","CT"
"338","FEMALE",141,"TT","AT","CC","CT","CC","AA","TT","CC","TT","CT","TT"
"339","MALE",166,"CC","TT","TC","CT","CC","AA","AT","CT","CT","CT","CT"
"340","MALE",144,NA,"AT","CC","CT","CT","AG","AT","CT","CT","CC","TT"
"341","MALE",128,"TT","TT","CC","CC","CC","AA","TT","CC","TT","CT","TT"
"342","MALE",130,"TT","AT","CC","CT","CT","AG","AT","CT","CT","CT","TT"
"343","FEMALE",143,"CC","AT","TT","TT","CC","AA","TT","CC","TT","CT","TT"
"344","FEMALE",160,"TT","AT","CC","CT","CT","AA","AT","CT","CT","CT","TT"
"345","MALE",165,"CT","TT","TC","CT","CC","AA","TT","CC","TT","TT","TT"
"346","FEMALE",152,"CC","TT","TC","CT","CC","AG","AT","CT","CT","CT","CT"
"347","FEMALE",129,"TT","TT","CC","CC","CC","AA","TT","CC","TT","CC","TT"
"348","MALE",119,"CT","TT","CC","CC","CC","AA","AT","CC","TT","CT","CT"
"349","FEMALE",108,"CT","TT","CC","CC","CC","AA","TT","CC","TT","CT","CT"
"350","MALE",129,"CT","TT","TC","CT","CC","AG","TT","CC","TT","TT","TT"
"351","MALE",150,"TT","TT","CC",NA,"CC","AA",NA,"CC","TT","CT","TT"
"352","FEMALE",157,"CC","TT","TC","CT","CC","AG","TT","CC","TT","TT","CT"
"353","FEMALE",141,"TT","AT","CC","CT","CT","AG","AT","CT","CT","CT","TT"
"354","FEMALE",155,"TT","TT","CC","CT","CT","AG","AT","CT","TT","CC","TT"
"355","FEMALE",181,"CC","TT","TC","CT","CC","AA","TT","CC","TT","CC","CT"
"356","FEMALE",173,"CC","TT","CC","CC","CC","AA","TT","CC","TT","TT","CC"
"357","FEMALE",146,"CT","AT","TC","CT","CC","AA","TT","CC","TT","CT","TT"
"358","FEMALE",129,"CT","TT","TC","CT","CC","AG","AT","CC","TT","CT","TT"
"359","MALE",119,"TT","TT","CC","CC","CC","AA","TT","CC","TT","CT","TT"
"360","MALE",145,"CT","TT","TC","CT","CC","AG","TT","CC","TT","TT","TT"
"361","MALE",117,"CT","AT","CC","CT","CT","AG","AT","CT","TT","CC","CT"
"362","MALE",160,"TT","TT","CC","CC","CC","AA","TT","CC","TT","CC","TT"
"363","FEMALE",126,"TT","AT","CC","CT","CC","AA","TT","CC","TT","CT","TT"
"364","FEMALE",133,"TT","AT","CC","CT","CT","AG","AT","CT",NA,"CT","TT"
"365","MALE",168,"TT","AT","CC","CT","CC","AA","AT","CC","TT","CT","TT"
"366","MALE",153,"TT","TT","CC","CT","CT","AA","TT","CC","TT","CT","TT"
"367","MALE",132,"CT","TT","TC","CT","CC","AG","TT","CC","TT","CT","TT"
"368","MALE",163,"CC","TT","TC","CT","CC","AG","TT","CC","TT","TT","CT"
"369","MALE",124,"CT",NA,NA,"CC","CC","AA","TT","CC",NA,NA,"CT"
"370","MALE",145,"CT","TT","TC","CT","CC","AG","AT","CC","TT","CC","TT"
"371","MALE",129,"CC","TT","TC","CT","CC","AA","TT","CC","TT","CT","CT"
"372","MALE",158,"CT","AT","TC","TT","CC","AG","AT","CC","TT","CT","TT"
"373","MALE",140,"TT","TT","CC",NA,"CC","AA","TT","CC","TT","TT","TT"
"374","MALE",154,"TT","TT","CC","CC","CC","AA","TT","CC","TT","TT","TT"
"375","FEMALE",129,"TT","AT","CC","CT","CT","AG","AT","CT","CT","CC","TT"
"376","FEMALE",112,"CT","TT","TC","CT","CT","AG","AA","CT","CT","CC","TT"
"377","FEMALE",173,"CC","TT","CC","CC","CC",NA,"AA","TT","CC","CC","CC"
"378","FEMALE",169,"TT","TT","CC",NA,"CC",NA,"TT","CC","TT","CT","TT"
"379","MALE",147,"TT","TT","CC","CC","CC","AA","TT","CC","TT","CT","TT"
"380","MALE",145,"CT","TT","TC","CT","CC","AA","AT","CT","CT","CC","TT"
"381","FEMALE",151,"CC","TT","TC","CT","CC","AG","AA","TT","CC","CT","CT"
"382","MALE",121,"CT","TT","TC","CT","CC","AG","TT","CC","TT","CT","TT"
"383","MALE",165,"CT",NA,"TC","TT",NA,NA,NA,"CT","CT",NA,NA
"384","MALE",151,"TT","TT","CC","CC","CC","AA","TT","CC","TT","CT","TT"
"385","FEMALE",149,"CT","AT","TC","TT","CC","AG","TT","CC","TT","TT","TT"
"386","FEMALE",103,"CT","TT","CC","CC","CC",NA,"AT","CC","TT","TT","CT"
"387","MALE",150,"CT","TT","TC","CT","CC","AG","AT","CT","CT","CC","TT"
"388","MALE",181,"CT",NA,"TC","CT","CC","AA","TT","CC","TT","CT","TT"
"389","MALE",142,"CT",NA,"TC","CT","CC","AA","TT","CC",NA,NA,"TT"
"390","FEMALE",109,"TT","AT","CC","CT","CC","AG","AT","CT","CT","CT","TT"
"391","FEMALE",174,"TT","AT","CC","TT","CT","AA","TT","CC","TT","CC","TT"
"392","MALE",131,"CC","TT","TC","CT","CC","AG","TT","CC","TT","CC","CT"
"393","MALE",180,"CT","TT","TC","CT","CC","AA","AT","CC","TT","CC","TT"
"394","FEMALE",150,"CT","TT","TC","CT","CC","GG","AA","CT","CC","CC","CT"
"395","FEMALE",153,"TT","TT","CC",NA,"CC","AG","TT","CC","TT","TT","TT"
"396","FEMALE",122,"CT","TT","TC","CT","CC","AG","AT","CT","CT","CT","TT"
"397","FEMALE",144,NA,"TT","CC","CC","CC","AA","TT","CC",NA,"CT",NA
"398","MALE",119,"CC","TT","TC","CT","CC","AG","AT","CC","TT","TT","CT"
"399","MALE",132,"TT","AT","CC","CT","CT","AG","AA","CT","CT","CT","TT"
"400","FEMALE",158,"TT","TT","CC","CC","CC","AG","AT","CT","CT","CC","TT"
"401","FEMALE",138,"TT","AT","CC",NA,"CT","AG","AA","CT","CT","TT","TT"
"402","MALE",161,"CC","TT","TC","CT","CC",NA,"AA","TT","CC","CC","CT"
"403","MALE",140,"CT","TT","CC","CC","CC","AA","AT","CT","CT","CC","CT"
"404","FEMALE",90,"TT","TT","CC","CC","CC","AA","TT","CC","TT","CC","TT"
"405","FEMALE",127,"TT","TT","CC","CC","CC",NA,"AT","CT","CT","CC","TT"
"406","MALE",175,NA,"TT","TC","CT","CC","AA","AT","CT","CT","CC","TT"
"407","MALE",111,"CT","AT","TC","TT",NA,"GG","AA","CT","CT","CT","TT"
"408","FEMALE",139,"CT","TT","TC","CT","CC","AG","AT","CT","CT","CC","TT"
"409","MALE",168,"CT","TT","CC","CC","CC","AA","TT","CC","TT","CT","CT"
"410","MALE",108,"CT","TT","CC","CC","CC","AA","TT","CC","TT","CT","CT"
"411","MALE",165,"CT","TT","CC","CC","CC","AA","TT","CC","TT","TT","CT"
"412","MALE",146,"CT","TT","CC","CC","CC","AA","TT","CC","TT","CT","CT"
"413","FEMALE",154,"TT","TT","CC","CC","CC","AA","TT","CC","TT","CT","TT"
"414","MALE",134,"CT","TT","CC","CC","CC",NA,"TT","CC","TT","CT","CT"
"415","FEMALE",119,"CC","TT","CC","CC","CC","AA","TT","CC","TT","TT","CC"
"416","MALE",137,"TT","AT","CC","CT","CT","AG","TT","CC","TT","CT","TT"
"417","FEMALE",129,"CT","TT","TC","CT","CC","AG","AT","CC","TT","CT","TT"
"418","MALE",145,"CT","TT","TC","CT",NA,"AA","TT","CC","TT","CT",NA
"419","MALE",114,"CC","TT","TC","CT","CC","AA","TT","CC","TT","CC","CT"
"420","FEMALE",177,"CT","AT","TC","TT",NA,"GG","AA","CT","CT","CT","TT"
"421","FEMALE",120,"CT","AT","TC","TT",NA,"GG","AA","TT","CC","CT","TT"
"422","FEMALE",142,"TT","TT","CC","CC","CC","AA","TT","CC","TT","CT","TT"
"423","MALE",138,"CT","TT","CC","CC",NA,"AA","TT","CC","TT","CT","TT"
"424","FEMALE",87,"CT","TT","TC","CT","CC","AG","AT","CT","CT","CC","TT"
"425","MALE",136,"TT","TT","CC",NA,"CC","AA","TT","CC","TT","TT","TT"
"426","FEMALE",122,"TT","AT","CC","CT","CT","AG","AA","CT","CT","CT","TT"
"427","MALE",152,"CC","TT","TC",NA,"CC","AA","TT","CC","TT",NA,"CT"
"428","MALE",161,"CT","TT","TC","CT",NA,"AG","AT","CT","CT","CC","TT"
"429","MALE",143,"TT","AA","CC","TT","TT","GG","AT","CT","CT","CT","TT"
"430","FEMALE",118,"CT","TT","TC","CT","CC","AA","TT","CC","TT","CC","TT"
"431","FEMALE",132,"TT","AT","CC","CT","CT","AG","AT","CT","TT","CT","TT"
"432","MALE",127,"CT","AT",NA,NA,NA,"AA","TT","CC",NA,"CT","CT"
"433","MALE",127,"CT","AT",NA,"TT",NA,NA,"AT","CT",NA,"CT",NA
"434","FEMALE",119,"CC","AT","TT","TT","CC","GG","AT","CC","TT","CT","TT"
"435","FEMALE",174,"CT","AT","CC","CT","CT",NA,"TT","CC","TT","TT","CT"
"436","FEMALE",125,"TT","TT","CC","CC","CC","AA","TT","CC","TT","CT","TT"
"437","FEMALE",136,"CC","TT","TC","CT","CC","AA","AT","CT","CT","CT",NA
"438","MALE",137,"CT","TT","CC","CC","CC","AA","TT","CC","TT","TT","CT"
"439","FEMALE",132,"CT","AT","CC","CC","CT","AG","AT","CT","CT","CT","CT"
"440","MALE",161,"CT","TT","TC","CT","CC","AG","AT","CC","TT","CT","TT"
"441","FEMALE",174,"TT","TT","CC","CC","CC","AA","TT","CC","TT","CT","TT"
"442","FEMALE",119,"CT","AT","TC","TT",NA,"AG","AT","CT","TT","CC","TT"
"443","MALE",160,"CT","TT","TC","CT","CC","AA","TT","CC","TT","CC","TT"
"444","MALE",150,"TT","AT","CC","CT","CT","AG","TT","CC","TT","CT","TT"
"445","FEMALE",131,"CT","TT","TC",NA,"CC","AG","AT","CT","CT","CC","TT"
"446","FEMALE",140,"TT","TT","CC","CC","CC","AA","TT","CC","TT","CT","TT"
"447","FEMALE",138,"TT","TT","CC","CC","CC",NA,"TT","CC","TT","CT","TT"
"448","FEMALE",120,"CT","AT","CC","CT","CT","AG","AT","CT","CT","CT",NA
"449","MALE",157,"CT","TT","CC","CC","CC","AA","TT","CC","TT","TT","CT"
"450","FEMALE",146,"CT","TT","CC","CC","CC","AA","AT","CT","CT","CT","CT"
"451","FEMALE",155,"TT","TT","CC","CC","CC","AA","TT","CC","TT","CT","TT"
"452","MALE",202,"CT","TT",NA,"CC","CC","AA","AA","CT","CT","CC","CT"
"453","MALE",132,"CT","AT","TC","TT",NA,"AG","AT","CT","CT","CC","TT"
"454","MALE",140,"CC","TT","CC",NA,"CC","AA","AT","CC","TT","CT","CC"
"455","FEMALE",162,"TT","AA","CC","TT","CT","AG","AT","CT","CT","CC","TT"
"456","MALE",121,"CC","TT","TC","CT","CC","AA","TT","CC","TT","CT","CT"
"457","FEMALE",145,"TT","TT","CC","CC","CC",NA,"TT","CC","TT","TT","TT"
"458","FEMALE",145,"CT","TT","CC","CC","CC","AA","AT","CC","CT","CT","CT"
"459","MALE",116,"TT","TT","CC","CC","CC","AA","TT","CC","TT","TT","TT"
"460","FEMALE",162,"TT","AT","CC","CT","CC","AA","TT","CC","TT","TT","TT"
"461","FEMALE",131,"TT","TT","CC","CC","CC","AA","TT","CC","TT","CT","TT"
"462","FEMALE",122,"TT","AT","CC","CT","CC","AA","TT","CC","TT","CT","TT"
"463","MALE",126,"CT","TT","CC",NA,"CC","AA","TT","CC","TT","CT","CT"
"464","MALE",161,"CT","AT","TC","TT",NA,"AG","AT","CT","CT","CT","TT"
"465","MALE",149,"TT","TT",NA,"CC","CC","AA","TT","CC","TT","CT","TT"
"466","MALE",162,"TT","TT","CC","CC","CC","AA","AT","CC","TT","TT","TT"
"467","MALE",146,"TT","TT",NA,"CC","CC",NA,"TT","CC",NA,"CT","TT"
"468","MALE",150,"TT","TT","CC","CC","CC","AA","TT","CC","TT","TT","TT"
"469","MALE",151,"TT","TT","CC","CC","CC","AA","TT","CC","TT","CC","TT"
"470","MALE",150,"CT","TT","CC","CC","CC","AA","TT","CC","TT","CT","CT"
"471","FEMALE",142,"CT","TT","CC","CC","CC","AA","AT","CC","TT","CT","CT"
"472","FEMALE",139,"TT","AT","CC","CT","CC","AA","TT","CC","TT","CT","TT"
"473","MALE",123,"TT","AA","CC","TT","CT","AG",NA,"CC","TT","CT","TT"
"474","MALE",131,"TT","TT","CC","CC","CC","AA","TT","CC","TT","CC","TT"
"475","MALE",101,"TT","TT","CC","CC","CC","AG","TT","CC","TT","CT","TT"
"476","FEMALE",145,"CT","TT","TC","CT","CC","AA","TT","CC","TT","CT","TT"
"477","MALE",140,"CT","AT","CC","CT","CT","AG","AT","CT","CT","CT","CT"
"478","MALE",131,"CT","TT","TC",NA,"CC","AG","AT","CT","CT","CC","TT"
"479","FEMALE",133,"TT","AT","CC","CT","CT","AG","AT","CT","TT","CT","TT"
"480","FEMALE",201,"CT","TT","CC","CC","CC","AA","TT","CC","TT","CT","CT"
"481","MALE",118,"TT","AT","CC","CT","CT","AG","AT","CT","CT","CT","TT"
"482","MALE",131,"CT","TT","TC","CT","CC","AA","TT","CC","TT","CT","TT"
"483","MALE",176,"CT","TT","TC","CT","CC","GG","AA","CT","CT","TT","TT"
"484","FEMALE",131,"TT","AA","CC","TT","CT","AG","TT","CC","TT","CT","TT"
"485","FEMALE",142,"TT","TT","CC","CC","CC","AA","TT","CC","TT","CC","TT"
"486","FEMALE",148,"CC","TT","TC","CT","CC","AG","AT","CC","TT","CT","CT"
"487","FEMALE",128,"CT","TT","TC","CT","CC","AG","AT","CT","TT","CT","TT"
"488","MALE",150,"CT","AT","CC","CT","CT","AG","AT","CT","CT","CC","CT"
"489","FEMALE",124,"TT","AT",NA,NA,NA,"AG","AT","CC","TT",NA,"TT"
"490","MALE",150,"CT","AT","CC","CT","CT","AG","AT","CT","CT","CT","CT"
"491","MALE",139,"CT","TT","CC","CC","CC","AA","TT","CC","TT","CT","CT"
"492","FEMALE",153,"CT","AT","TC","TT",NA,"AG","AT","CT","CT","CC","TT"
"493","MALE",125,"CT","AT","CC","CT","CC","AA","TT","CC","TT","TT","CT"
"494","MALE",119,"CT","TT","TC","CT","CC",NA,"AT","CC","TT","CT",NA
"495","MALE",166,"TT","TT","CC","CC","CC","AA","TT","CC","TT","CC","TT"
"496","MALE",140,"CT","TT","CC","CT","CC","AA","TT","CC","TT","TT","CT"
"497","MALE",142,"TT","TT","CC","CC","CC","AA","TT","CC","TT","TT","TT"
"498","MALE",128,"TT","AT","CC","CT",NA,"AG","AT","CT","CT","CC","TT"
"499","FEMALE",159,"TT","AT","CC","CT","CT","AA","AT","CT","CT","CT","TT"
"500","FEMALE",142,"CT","TT","CC","CC","CC","AA","TT","CC","TT","CT","CT"
"501","FEMALE",122,"TT",NA,NA,"CC","CC",NA,"TT","CC",NA,"TT",NA
"502","FEMALE",129,"CT","TT","CC","CC","CC","AA","TT","CC","TT","TT","CT"
"503","MALE",122,"CT","TT","TC","CT","CC","AA","TT","CC","TT","CC","TT"
"504","MALE",138,"CT","TT",NA,"CT","CC","AA","TT","CC","TT","CC","TT"
"505","MALE",126,"TT","AA","TC","TT","CC","GG","AT","CT","TT","CC","TT"
"506","MALE",160,"TT","AT","CC","CT","CT","AG","AT","CT","CT","CT","TT"
"507","FEMALE",121,"TT","TT","CC","CC","CC","AA","AA","CC","TT","CT","TT"
"508","MALE",106,"CT","TT","TC","TT","CC","AA","TT","CC","TT","TT","TT"
"509","MALE",150,"CT","TT","TC","CT","CC","AG","AA","CC","TT","CT","TT"
"510","FEMALE",119,"TT","AT","CC","CT","CT","AG","TT","CC","TT","TT","TT"
"511","MALE",120,"CT","TT","CC","CC","CC","AA","AT","CC","TT","TT","CT"
"512","FEMALE",162,"CC","TT","CC","CC","CC","AA","TT","CC","TT","TT","CC"
"513","MALE",128,"CT","TT","TC","CT","CC","AA","TT","CC","TT","TT","TT"
"514","MALE",140,"CT","TT","TC","CT","CC","AG","AT","CC","TT","CT","TT"
"515","MALE",163,"TT","TT",NA,"CC","CC",NA,"TT","CC","TT","CT","TT"
"516","MALE",149,"CT","AT","TC","TT",NA,"GG","AA","TT","CC","CC","TT"
"517","FEMALE",140,"CT","TT","TC","CT","CC","AA","TT","CC","TT","TT","TT"
"518","MALE",159,"TT","TT","CC","CC","CC","AA","TT","CC","TT","CT","TT"
"519","FEMALE",150,"CT","AT","CC","CT","CT","AG","AT","CT","CT","CT",NA
"520","FEMALE",145,"TT","TT","CC","CC","CC","AA","TT","CC","TT","CT","TT"
"521","MALE",121,"CT","AT","CC","CT","CT","AG","AA","CT","TT","CC","CT"
"522","FEMALE",149,"CT","TT","TC","CT","CC","AA","AT","CC","TT","TT","TT"
"523","FEMALE",178,"TT","AA","TC","TT","CC","GG","AA","CT","TT","CC","TT"
"524","MALE",128,"TT","AT","CC","CT","CC","AA","TT","CC","TT","CC","TT"
"525","MALE",149,"TT","AT","CC","CT","CC",NA,"TT","CC","TT","CC","TT"
"526","FEMALE",122,"TT","TT","CC","CC","CC","AA","TT","CC","TT","CT","TT"
"527","FEMALE",162,"TT","AT","CC","CT","CT","AG","TT","CC","TT","CC","TT"
"528","FEMALE",110,"CT","TT","CC","CC","CC","AA","TT","CC","TT","CT","TT"
"529","FEMALE",147,"CT","TT","CC","CC","CC","AA","TT","CC","TT","TT","CT"
"530","MALE",152,"TT","AT","CC","CT","CT",NA,"AA","TT","CC","CT","TT"
"531","MALE",133,"TT","AT","CC","CT","CT","AG","AA","CT","CT","TT","TT"
"532","FEMALE",142,"CT","TT","TC","CT","CC","AA","TT","CC","TT","CC","TT"
"533","FEMALE",144,"CC","AT","TC","TT","CC","GG","AA","CC","TT","CT","TT"
"534","MALE",111,"CC","TT","TT","TT","CC","GG","AT","CC","TT","CT","TT"
"535","MALE",123,"CT","TT","CC","CC","CC","AA","AT","CC","TT","CC","CT"
"536","MALE",121,"CT","TT","CC","CC","CC",NA,"AT","CC","TT","TT","CT"
"537","MALE",121,"TT","TT","CC","CC","CC","AA","TT","CC","TT","CT","TT"
"538","MALE",142,"TT","TT","CC","CC","CC","AA","TT","CC","TT","CC","TT"
"539","MALE",153,"TT","AT","CC","CT","CT","AA","AT","CT","CT","CT","TT"
"540","FEMALE",159,"TT","AT","CC","CT","CT","AG","AT",NA,"TT","CT","TT"
"541","MALE",144,"CT","TT","CC","CC","CC","AA","TT","CC","TT","TT","CT"
"542","FEMALE",152,"TT","AT","CC","CT","CT","AG","AT","CT","CT","CC","TT"
"543","MALE",135,"CC","TT","TC","CT","CC",NA,"AT","CC","TT","CT","CT"
"544","FEMALE",143,"CT","TT","CC","CC","CC","AA","AT","CT","CT","CT","CT"
"545","MALE",122,"CT","TT","TC","CT","CC","AG","AT","CT","CT","CC","TT"
"546","FEMALE",199,"CT","AT","TC","TT",NA,"GG","AA","CT","CT","CC","TT"
"547","MALE",182,"TT","AT","CC","CT","CT","AG","TT","CC","TT","TT","TT"
"548","FEMALE",154,"TT","TT","CC","CC","CC","AG","AT","CT","CT","CT","TT"
"549","FEMALE",150,"TT","TT","CC","CC","CC","AA","TT","CC","TT","CC","TT"
"550","FEMALE",138,"TT","AT","CC","CT","CT","AG","AT","CT","CT","TT","TT"
"551","FEMALE",183,"CC","TT","CC","CC","CC",NA,"TT","CC","TT","CT","CC"
"552","FEMALE",134,"TT","AT","CC","CT","CT","AG","AT","CT","CT","CC","TT"
"553","FEMALE",129,"CT","AT","CC","CT","CT","AG","AT","CT","CT","CT","CT"
"554","FEMALE",139,"CC","TT","TC","CT","CC","AG","AT","CT","CT","CT","CT"
"555","MALE",124,"TT","AT","CC",NA,"CT","AA","AT","CC","TT","CT","TT"
"556","MALE",121,"CT","TT","TC","CT","CC","AA","AT","CT","CT","CT","TT"
"557","FEMALE",136,"CT","AA","TC","TT","CC","AG","AT",NA,"TT","CC","TT"
"558","MALE",124,"TT","TT","CC","CC","CC","AA","TT","CC","TT","CC","TT"
"559","FEMALE",140,"CT","AT","TC","TT",NA,"AG","AT","CT","CT","CC","TT"
"560","MALE",120,"TT","AA","CC","TT",NA,"AG","TT","CC","TT","CT","TT"
"561","FEMALE",126,"TT","AT","CC","CT","CT","AG","TT","CC","TT","TT","TT"
"562","FEMALE",146,"CT","AT","TC","TT","CC","AA","AT","CC","TT","CT","TT"
"563","FEMALE",128,"CT","TT","CC","CC","CC","AA","TT","CC","TT","CC","CT"
"564","FEMALE",149,"CC","TT","TC","CT","CC","AG","AT","CC","TT","CT","CT"
"565","MALE",136,"CT","TT","CC","CC","CC","AA",NA,"CC","TT","CT","CT"
"566","FEMALE",135,"CC","TT","TC","CT","CC","AG","AT","CT","CT","TT","CT"
"567","MALE",162,"CT","TT","TC","CT","CC","AG","AT","CT","CT","CT","TT"
"568","MALE",173,"TT","TT","CC","CC","CC","AA","TT","CC","TT","CT","TT"
"569","MALE",129,"CT","TT","TC","CT","CC","AA","AT","CC","TT","CT","TT"
"570","MALE",117,"TT","AT","CC",NA,"CC","AA","TT","CC","TT","CT","TT"
"571","MALE",122,"CT","TT","TC","CT","CC",NA,"TT","CC","TT","TT","TT"
"572","FEMALE",129,"CC","TT","CC","CC","CC","AA","TT","CC","TT","TT","CC"
"573","FEMALE",139,"CT","TT","CC","CC","CC","AA","TT","CC","TT","CC","CT"
"574","MALE",130,"CT","TT","CC","CC","CC","AA","TT",NA,"TT","CT","CT"
"575","MALE",115,"CT","TT","TC","CT","CC",NA,"AT","CC","TT","CT","TT"
"576","MALE",134,"CT","TT","CC","CC","CC","AA","AT","CC","CT","CT","CT"
"577","FEMALE",120,"TT","AT","CC","CT","CC","AG","AT","CT","CT","CT","TT"
"578","MALE",151,"TT","TT","CC",NA,"CC","AA","TT","CC","TT","CC","TT"
"579","FEMALE",128,"TT","AT","CC","CT","CT","AG","AT","CT","TT","CT","TT"
"580","MALE",171,"TT","TT","CC","CC","CC","AG","AT","CT","CT","CT","TT"
"581","FEMALE",159,"TT","AT","CC","CT","CT","AG","AT","CT","CT","CC","TT"
"582","MALE",132,"CT","TT","TC","CT","CC","AG","AT","CC","TT","CC","TT"
"583","MALE",149,"CT","TT","TC",NA,"CC","AA","TT","CC","TT","CT","TT"
"584","FEMALE",149,"TT","TT","CC","CC","CC","AA","AT","CC","TT","CT","TT"
"585","FEMALE",139,"TT","TT","CC","CC","CC","AA",NA,"CC","TT","TT","TT"
"586","MALE",133,"CT","TT","CC","CC","CC","AA","AT","CT","CT","CT","CT"
"587","MALE",159,"TT","AT","CC","CT","CC","AA","TT","CC","TT","TT","TT"
"588","FEMALE",134,"CT","TT","CC","CC","CC","AG","AT","CT","CT","CT","CT"
"589","FEMALE",125,"TT","AT","CC","CT",NA,"AG","AT","CT","CT","CC","TT"
"590","MALE",154,"TT","AT","CC","CT","CT","AG","TT","CC","TT","CT","TT"
"591","FEMALE",155,"TT","TT","CC","CC","CC","AA","TT","CC","TT","CT","TT"
"592","MALE",157,"TT","AT","CC","CT","CC","AA","TT","CC","TT","CT","TT"
"593","MALE",116,"TT","TT","CC","CC","CC","AG","AT","CT","CT","CC","TT"
"594","FEMALE",161,"CC","TT","CC","CC","CC","AA","TT",NA,"TT","CT","CC"
"595","MALE",142,"CC","TT","CC","CC","CC","AA","AT","CT","CT","CT","CC"
"596","MALE",152,"TT","AT","CC","CT","CT","AG","TT","CC","TT","TT","TT"
"597","MALE",151,"CC","TT","TC","CT","CC","AA","TT","CC","TT","CT","CT"
"598","MALE",160,"CT","AT","TC","TT","CC",NA,"AT","CT","CT","CT","TT"
"599","FEMALE",127,"CC","TT","TT","CT","CC","AG","AA","CT","TT","CC","TT"
"600","MALE",147,"TT","TT","CC","CC","CC","AA","TT","CC","TT","TT","TT"
"601","FEMALE",148,"TT","AT","CC","CT","CT","AG","AT","CT","CT","CC","TT"
"602","MALE",116,"CC","TT","TC","CT","CT","AG",NA,"CT","CC","CC","CT"
"603","MALE",145,"CT","AT","CC","CT","CT","AG","AT","CC","TT","CT","CT"
"604","FEMALE",160,"CT","TT","CC","CC","CC","AA","TT","CC","TT","TT","CT"
"605","FEMALE",140,"CT","AT","CC","CT","CT","GG","AA","CT","CT","CC","CT"
"606","MALE",139,"CT","TT","CC","CC","CC","AG","AT","CT","CT","CT","CT"
"607","FEMALE",163,"CT","TT","TC","CT","CC","AG","AT","CC","TT","CT","TT"
"608","FEMALE",131,"TT","TT","CC","CC","CC","AG","AT","CT","CT","CT","TT"
"609","MALE",136,"TT","TT","CC","CC","CC","AA","TT","CC","TT","CT","TT"
"610","MALE",127,"CT","AT","CC","CT","CC","AA","TT","CC","TT","CC","CT"
"611","FEMALE",141,"TT","AA","CC","TT","TT","GG","AA","TT","CC","CC","TT"
"612","MALE",121,"TT",NA,NA,"CC","CC","AA","TT","CC",NA,NA,"TT"
"613","MALE",150,"CT","AT","CC","CT","CT","AG","AT","CT","CT","CT","CT"
"614","MALE",140,"TT","TT","CC","CC","CC","AA","TT","CC","TT",NA,"TT"
"615","FEMALE",175,"TT","TT","CC","CC","CC","AA","TT","CC","TT","TT","TT"
"616","FEMALE",185,"CC","TT","TC","CT","CC","AA","TT","CC","TT","CT","CT"
"617","MALE",167,"CC","TT","TT","TT","CC","GG","AA","TT","TT","CC","TT"
"618","FEMALE",158,"CT","TT","TC","CT","CC","AG","AT","CT","CT","CT",NA
"619","MALE",162,"CC","TT","TT","TT","CC","GG","AA","TT","TT","CC","TT"
"620","MALE",110,"CT","TT","TC","CT","CC","AA","AT","CC","TT","CC","TT"
"621","FEMALE",129,"CC","TT","TC","CT","CC","AA","AT","CT","CT","CC","CT"
"622","FEMALE",153,"TT","AT","CC","CT",NA,"AG","AT","CT","CT","CC","TT"
"623","FEMALE",168,"CT","AT","TC","TT",NA,"AA","AT","CC","TT","CC","TT"
"624","MALE",129,"CT","TT","TC","CT","CC","AA","TT","CC","TT","CT","TT"
"625","MALE",128,"CT","TT","TC","CT","CC","AG","TT","CC","TT","CC","TT"
"626","MALE",150,"CT","TT","TC","CT","CC","AA","TT","CC","TT","CT","TT"
"627","MALE",138,"TT","AT","CC","CT","CT","AA","AT","CC","TT","CC","TT"
"628","FEMALE",145,"TT","TT","CC","CC","CC","AA","TT","CC","TT","CC","TT"
"629","FEMALE",121,"TT","AA","CC","TT","TT","GG","AT","CT","TT","CT","TT"
"630","FEMALE",141,"CC","TT","TT","TT","CC",NA,"AA","CC","TT","CT","TT"
"631","MALE",160,"CT","TT","TC","CT","CC","AA","TT","CC","TT","CT","TT"
"632","FEMALE",160,"CT","TT","CC","CC","CC","AA","TT","CC","TT","CT","CT"
"633","FEMALE",157,"CC","TT","TC","CT","CC","AG","AT","CT","CT","CT","CT"
"634","FEMALE",139,"CT","TT","TC","CT","CC","AA",NA,"CC","TT",NA,"TT"
"635","MALE",141,"CT","TT","CC",NA,"CC","AG","AT","CC","TT","TT","CT"
"636","MALE",167,"CT","TT","TC","CT","CC","AG","TT","CC","TT","TT","TT"
"637","MALE",128,"TT","AT","CC","CT","CC","AA","TT","CC","TT",NA,"TT"
"638","FEMALE",140,"CT","AT","CC","CT","CC","AA","TT","CC","TT","TT","CT"
"639","MALE",138,"TT","TT","CC","CC","CC","AA","AT","CC","TT","TT","TT"
"640","MALE",147,"TT","AT","CC","CT","CT","AG","TT","CC","TT","CT","TT"
"641","MALE",158,"TT","TT","CC","CC","CC","AA","TT","CC","TT","CC","TT"
"642","FEMALE",113,"CT","TT","CC","CC","CC","AA","TT","CC","TT","TT","CT"
"643","FEMALE",167,"CT","TT","TC","CT","CC","AA","TT","CC","TT","CC","TT"
"644","MALE",110,"CT","AT","CC","CT","CT","AG","AT","CT","CT","CT","CT"
"645","MALE",153,"CT","AT","TC","TT",NA,"GG","AA","TT","CC",NA,"TT"
"646","FEMALE",120,"CT","AT","TC","TT","CC","AG","AT","CC","TT","CC","TT"
"647","FEMALE",139,"TT","AT","CC","CT","CT","AG","AT","CT","CT","CT","TT"
"648","FEMALE",150,"CT","AT","TC","TT",NA,"GG","AT","CC","TT","CC","TT"
"649","FEMALE",143,"CC","TT","TC","CT","CC","AG","TT","CC","TT","CT","CT"
"650","MALE",145,"TT","TT","CC","CC","CC","AA","TT","CC","TT","CC","TT"
"651","MALE",119,"TT","TT","CC","CC","CC","AA","TT","CC","TT","CT","TT"
"652","MALE",118,"TT","TT",NA,"CC","CC","AA","TT","CC",NA,"CT","TT"
"653","FEMALE",162,"TT","AT","CC","CT","CT","AG","AT","CT","CT","CC","TT"
"654","MALE",156,"TT","TT","CC",NA,"CC","AA","TT","CC","TT","TT","TT"
"655","MALE",133,"CT","TT","TC","CT","CC","AA","AT","CC","TT","CT","TT"
"656","FEMALE",120,"CT","TT","CC","CC","CC","AA","TT","CC","TT","CT","CT"
"657","MALE",153,"CT","TT","TC","CT","CC","AG","AT","CC","TT","CT","TT"
"658","FEMALE",141,"TT","TT","CC","CC","CC","AG","AA","TT","CC","CC","TT"
"659","FEMALE",146,"CT","TT","CC","CC","CC","AA","AT","CT","CT","CC","CT"
"660","MALE",158,"CT","TT","TC","CT","CC","AG","TT","CC","TT","TT","TT"
"661","MALE",126,"CT","AT","TC","TT",NA,"AG","TT","CC","TT","CT","TT"
"662","FEMALE",144,"TT","TT","CC","CC","CC","AA","TT","CC","TT","TT","TT"
"663","MALE",169,"TT","TT","CC","CC","CC","AA","TT","CC","TT","TT","TT"
"664","FEMALE",179,"CT","TT","TC","CT","CC","AG","AT","CC","TT","TT","TT"
"665","FEMALE",150,"CC","AT","TT","TT","CC","GG","AA","TT","TT","CC","TT"
"666","MALE",160,"CC","TT","TC","CT","CC","AG","TT","CC","TT",NA,"CT"
"667","FEMALE",167,"TT","TT","CC","CC","CC","AA","TT","CC","TT","CT","TT"
"668","MALE",132,"CT","TT","CC","CC","CC","AA","TT","CC","TT","CT","CT"
"669","MALE",138,"TT","TT","CC","CC","CC","AA","TT","CC","TT","CC","TT"
"670","FEMALE",130,"CT","AT","TC","TT","CT","AG","TT","CC","TT","CC","TT"
"671","MALE",141,"TT","TT","CC","CC","CC","AA","TT","CC","TT","TT","TT"
"672","MALE",112,"TT","TT","CC","CT","CC","AA","TT","CC","TT","CC","TT"
"673","MALE",122,"TT","AT","CC","CT",NA,NA,"AT","CT","CT","CC","TT"
"674","MALE",141,"TT","AT","CC","CT","CC","AA","TT","CC","TT","CC","TT"
"675","FEMALE",136,"CT","TT","TC","CT","CC","AA","AT","CC","TT","CT","TT"
"676","MALE",173,"TT","TT","CC",NA,"CC","AA","AT","CC","TT","CT","TT"
"677","FEMALE",151,"CT","TT","TC","CT","CC","AG","AT","CC","TT","TT","TT"
"678","MALE",132,"TT","AT","CC","CT","CT","AG","AT","CT","CT","CT","TT"
"679","FEMALE",116,"CT","AT","CC","CT","CT","AG","AA","CT","CT","CC","CT"
"680","FEMALE",143,"TT","TT","CC","CC","CC","AA","TT","CC","TT","CC","TT"
"681","FEMALE",151,"CT","TT","CC","CC","CC","AA","TT","CC","TT","CC","CT"
"682","FEMALE",139,"TT","TT","CC","CC","CC","AA","AT","CC","TT","CT","TT"
"683","MALE",141,"CT","AT","TC",NA,"CC","AA","TT","CC","TT","CT","TT"
"684","MALE",128,"TT","AT","CC","CT","CC","AG","AT","CC","TT","CC","TT"
"685","FEMALE",135,"CT","TT","CC","CC","CC","AA","TT","CC","TT","CT","CT"
"686","MALE",128,"CT","AT","TC","TT",NA,"GG","AA","CT","CT","CT","TT"
"687","MALE",125,"TT","AA","CC","TT","CT","AG","AT","CT","CT","CC","TT"
"688","MALE",128,"TT","AA","CC","TT","TT","GG","AA","TT","CC","TT","TT"
"689","MALE",114,"TT","TT","CC","CC","CC","AA","TT","CC","TT","CT","TT"
"690","FEMALE",130,"CC","TT","TT","TT",NA,"GG","AA","TT","CC","CC","TT"
"691","MALE",155,"CC","TT","TC","CT","CC","AG","AT","CC","TT","CC","CT"
"692","FEMALE",137,"CT","TT","CC","CC","CC","AA","TT","CC","TT","TT","CT"
"693","MALE",134,"CT","TT","CC",NA,"CC","AG","AT","CC","CT","CT","CC"
"694","MALE",149,"CT","TT","CC","CC","CC",NA,"AT","CC","TT","TT","CT"
"695","MALE",124,"CT","TT","CC","CC","CC","AA","TT","CC","TT","TT","CT"
"696","FEMALE",160,"TT","TT","CC","CC","CC","AA","TT","CC","TT","TT","TT"
"697","MALE",116,"TT","TT","CC",NA,"CC",NA,"AT","CC","TT","CT","TT"
"698","FEMALE",139,"TT","AT","CC","CT",NA,"GG","AA","TT","CC","CT","TT"
"699","MALE",136,"CC","TT","TC","CT","CC","AG","AT","CC","TT","CC","CT"
"700","FEMALE",157,"CC","TT",NA,"TT","CC","AG","AT","CC","TT","TT","TT"
"701","FEMALE",165,"CT","TT","TC","CT","CC","AA","TT","CC","TT","CT","TT"
"702","FEMALE",130,"CT","TT","TC","CT","CC","AA","TT","CC","TT","CT","TT"
"703","MALE",119,"TT","AT","CC","CT","CT",NA,"AT","CT","CT","CC",NA
"704","MALE",114,"CT","TT",NA,NA,"CT","AG","AT","CT","CT","CC","TT"
"705","FEMALE",171,"TT","AA","CC","TT","TT","GG","AT","CT","CT","CC","TT"
"706","FEMALE",159,"CT","TT","TC","CT","CC","AA","AT","CC","TT","TT","TT"
"707","MALE",148,"CC","TT","TT","TT","CC","AG","AT","CC","TT","CC","TT"
"708","FEMALE",152,"CT","TT","TC","CT","CC","AA","TT","CC","TT","TT","TT"
"709","MALE",128,"TT","AT","CC","CT","CC","AA","TT","CC","TT","CT","TT"
"710","MALE",146,"CC","TT","TC","CT","CC","AG","TT","CC","TT","CT","CT"
"711","MALE",130,"CT","AT","CC","CT","CT","GG","AT","CC","TT","TT","CT"
"712","FEMALE",166,"CT","TT","TC","TT","CC","AA","TT","CC","TT","CT","TT"
"713","FEMALE",129,"TT","AT","CC","CT","CT","AG","AT","CT","CT","CC","TT"
"714","FEMALE",122,"CT","TT","TC","CT","CC","AA","TT","CC","TT","CT","TT"
"715","MALE",159,"TT","TT","CC","CC","CC","AA","TT","CC","TT","CT","TT"
"716","MALE",110,"CT","TT","TC","CT","CC","AA","TT","CC","TT","CT","TT"
"717","MALE",157,"TT","TT",NA,NA,"CC",NA,"AT","CC",NA,"CT","TT"
"718","FEMALE",170,"CC","TT","TT","TT","CC","GG","AT","CC","TT","CT","TT"
"719","MALE",148,"TT",NA,NA,"CT","CT","AA","AT","CT","CT","CC","TT"
"720","MALE",137,"TT","AT","CC","CT",NA,NA,"AT","CC","TT","TT","TT"
"721","MALE",164,"CT","TT","TC","CT","CC","AA","TT","CC","TT","CT","TT"
"722","FEMALE",132,"TT","TT","CC","CC","CC","AA","TT","CC","TT","CT","TT"
"723","MALE",121,"CT","TT","TC",NA,"CC","GG","AT","CC","TT","CT","TT"
"724","FEMALE",131,"CT","TT","TC","CT","CC","AG","AT","CC","TT","CC","TT"
"725","FEMALE",128,"TT","TT","CC","CC","CC",NA,"AT","CT","TT","CT","TT"
"726","MALE",155,"TT","AA","CC","TT","CT","AA","TT","CC","TT","CT","TT"
"727","MALE",152,"CC","TT","TT","TT","CC","GG","TT","CC","TT","CC","TT"
"728","MALE",132,"TT","AT","CC","CT","CT","AA","AT","CT","CT","CC","TT"
"729","MALE",101,"CT","TT","TC","CT",NA,"AA","AT","CT","CT","CT","TT"
"730","MALE",162,"CT","AT","TC","TT",NA,"GG","AA","CT","TT","CT","TT"
"731","FEMALE",132,"CC","TT","TT","TT","CC","AG","AT","CT","TT","CC","TT"
"732","MALE",159,"CC","TT","TC","CC","CC","AA","TT","CC","TT","CT","CT"
"733","MALE",169,"TT","AT","CC","CT","CT","AG","AT","CT","CT","CC","TT"
"734","FEMALE",138,"CT","AT","CC","CT","CT","GG","AA","CT","CT","CC","CT"
"735","FEMALE",143,"TT","AT","CC","CT","CT","AG","AT","CC","TT","CT","TT"
"736","FEMALE",112,"CT","AT","CC","CT","CT","AA","AA","TT","CC","CC","CT"
"737","MALE",131,"CT","AT","CC","CT","CT","AG","AA","TT","CC","CC","CT"
"738","FEMALE",141,"CT","AT","TC","TT","CC","GG","AA","TT","TT","CC","TT"
"739","FEMALE",170,"TT","TT","CC","CC","CT",NA,"AT","CT","CT","CC","TT"
"740","FEMALE",121,"CC","TT","TT","TT","CC","AA","TT","CC","TT","CT","TT"
"741","MALE",140,"CT","TT","CC","CC","CC","AA","TT","CC","TT","TT","CT"
"742","MALE",140,"TT","TT","CC","CC","CC","AA","TT","CC","TT","CT","TT"
"743","MALE",120,"CT","AT","CC",NA,"CT","AG","AA","CT","CT","CT","CT"
"744","FEMALE",159,"CT",NA,"TC","CT","CC","AG","TT","CC",NA,"CC","TT"
"745","MALE",97,"CT","TT","CC",NA,"CC","AA","TT","CC","TT","CT","CT"
"746","FEMALE",135,"TT","TT","CC","CC","CC","AA","AA","TT","CC","CT","TT"
"747","FEMALE",146,"CT","AT","TC","TT","CC","GG","AT","CT","TT","CT","TT"
"748","MALE",147,"CT","TT","CC","CC","CC","AG","AT","CT","CT","CT","CT"
"749","MALE",127,"CT","TT","TC","CT","CC","AA","TT","CC","TT","CT","TT"
"750","MALE",125,"TT","TT","CC",NA,"CC","AA","TT","CC","TT","CT","TT"
"751","MALE",130,NA,"TT","CC","CC","CC",NA,"AT","CC","TT","TT","TT"
"752","MALE",126,"TT","AT","CC","CT","CT","AG","AT","CT","CT","CT","TT"
"753","MALE",134,"CT","TT","TC","CT","CC","AG","AT","CT","CT","CC","TT"
"754","FEMALE",136,"CT","AT","TC","TT",NA,"GG","AT","CT","TT","CT","TT"
"755","FEMALE",172,"CC","TT","CC","CC","CC","AA","TT","CC","TT","TT","CC"
"756","FEMALE",129,"TT","AT","CC",NA,"CT","AA","AT","CT","CT","CC","TT"
"757","FEMALE",167,"CT","AT","CC","CT","CC","AA","TT","CC","TT","CC","CT"
"758","MALE",110,"CT","TT","CC","CC","CC","AA","TT","CC","TT","CT","CT"
"759","FEMALE",151,"TT","TT","CC","CC","CC","AA","TT","CC","TT","CT","TT"
"760","FEMALE",184,"TT","AT","CC",NA,"CT","AG","AA","CT","TT","TT","TT"
"761","MALE",131,"TT","TT","CC","CC",NA,"AA","AT","CC","TT","CT","TT"
"762","MALE",143,"CT","AT","TC","TT",NA,"GG","AA","CT","CT","TT","TT"
"763","MALE",132,"CT","TT","TC","CT","CC","AG","AT","CC","TT","CT","TT"
"764","MALE",147,"CC","TT",NA,"CT","CC","AG","TT","CC",NA,"TT","CT"
"765","FEMALE",123,"TT","AT","CC","CT","CT","AG","AT","CT","CT","CT","TT"
"766","MALE",171,NA,NA,NA,NA,"CC","AA","TT","CC",NA,NA,NA
"767","FEMALE",139,"CT","TT","CC","CC","CC","AA","TT","CC","TT","CC","CT"
"768","MALE",151,"CC","AT","TC","TT","CC","AA","AT","CT","CT","CC","TT"
"769","MALE",142,"CT","TT","TC","CT","CC","AA","TT","CC","TT","CT","TT"
"770","FEMALE",143,"CT","TT","CC","CC","CC","AA","AT","CC","CT","CT",NA
"771","MALE",112,"CT","TT","TC","CT","CC","AG","AT","CC","TT","CT","TT"
"772","FEMALE",130,"CC","AT","TT","TT","CC","GG","AA","TT","CT","CC","TT"
"773","FEMALE",152,"CT","TT","CC","CC","CC","AA","AT","CC","CT","CC","CT"
"774","MALE",114,"TT","TT","CC","CC",NA,"AA","TT","CC","TT","CC","TT"
"775","FEMALE",131,"TT","TT","CC","CC","CC","AA","TT","CC","TT","CT","TT"
"776","FEMALE",147,"TT","TT","CC","CC","CC","AA","AT","CC","TT","TT","TT"
"777","FEMALE",148,"TT","TT","CC","CC","CC","AA","TT","CC","TT","CT","TT"
"778","MALE",133,"CT","AT","CC","CT","CC","AA","TT","CC","TT","CT","CT"
"779","MALE",131,"CT",NA,NA,"CC","CC","AA","TT","CC",NA,"CT","CT"
"780","FEMALE",141,"CT","TT",NA,"CC","CC","AA","TT","CC","TT","CC","CT"
"781","MALE",132,"CT","AT","TC","CT","CC","AA","TT",NA,"TT","CC","TT"
"782","MALE",170,"TT","AA","CC","TT","TT","GG","AT","CT","TT","CT","TT"
"783","FEMALE",187,"CC","TT","TT","TT","CC","AA","AT","CC","TT","CT","TT"
"784","FEMALE",106,"CC","TT","CC","CT","CC","AG","AT","CT","CT","CC","CT"
"785","MALE",98,"TT","TT","CC","CC","CC","AA","TT","CC","TT","TT","TT"
"786","FEMALE",112,"CT","AT","CC","CT","CT","AG","TT","CC","TT","TT","CT"
"787","FEMALE",143,"CT","TT","TC","CT","CC","AA","TT","CC","TT","TT","TT"
"788","FEMALE",141,"CT",NA,"TC","TT",NA,"AG","AT","CT","CT","CC","TT"
"789","MALE",148,"CT","TT","CC","CC","CC","AA","TT","CC","TT","CT","CT"
"790","MALE",126,"CT","TT","TC","CT","CC","AA","TT","CC","TT","CC","TT"
"791","MALE",136,"TT","TT","CC","CC","CC","AA","TT","CC","TT","CT","TT"
"792","FEMALE",158,"TT","AT","CC","CT",NA,"AG","TT","CC","TT","CT","TT"
"793","FEMALE",152,"TT","TT","CC","CC","CC","AA","TT","CC","TT","CC","TT"
"794","MALE",146,"TT","TT","CC","CT","CT","AA","TT","CC","TT","CT","TT"
"795","FEMALE",132,"TT","AA","CC","TT","TT","GG","AT","CT","TT","CT","TT"
"796","MALE",132,"CT","TT","CC",NA,"CC","AA","TT","CC","TT","CT","CT"
"797","MALE",176,"TT","TT","CC","CC","CC","AA","AT","CC","TT","CT","TT"
"798","FEMALE",140,"TT","TT","CC","CT","CC","AA","TT","CC","TT","CT","TT"
"799","MALE",143,"TT","AT","CC","CT","CC","AA","TT","CC","TT","TT","TT"
"800","MALE",141,"CT","TT","CC","CC","CC","AA","AT","CC","TT","CT","CT"
"801","MALE",147,"CT","TT","CC","CC","CC","AA","TT","CC","TT","CT","CT"
"802","FEMALE",140,"CT","AT","CC","CT","CC","AG","AA","CT","CT","CC","CT"
"803","FEMALE",117,"CT","TT","CC","CC","CC","AA","TT","CC","TT","TT","CT"
"804","MALE",130,"CC","TT","CC","CC","CC","AA","TT","CC","TT","TT","CC"
"805","MALE",120,"TT","TT","CC","CC","CC","AA","TT","CC","TT","CT","TT"
"806","MALE",146,"CT","TT","TC","TT","CC","AA","TT","CC","TT","TT","TT"
"807","MALE",148,"CT","TT","CC","CC","CC","AA","TT","CC","TT","TT","CT"
"808","MALE",148,"TT","TT","CC","CC","CC","AA","TT","CC","TT","CT","TT"
"809","FEMALE",125,"TT","TT","CC","CC","CC","AA","TT","CC","TT","TT","TT"
"810","MALE",120,"TT","AA","CC","TT",NA,"AG","AT","CC","TT","CT","TT"
"811","MALE",150,"CC","TT","TC","CT","CC","AG","AT","CC","CT","CC","CT"
"812","FEMALE",140,"TT","TT","CC","CC","CC","AA","AT","CC","TT","TT","TT"
"813","FEMALE",141,"TT","TT","CC","CC","CC","AA","TT","CC","TT","CT","TT"
"814","MALE",167,"TT","AT","CC","CT","CC","AA","TT","CC","TT","CC","TT"
"815","MALE",180,"TT","TT",NA,"CC","CC","AA","TT","CC","TT","CT","TT"
"816","MALE",140,"TT","AT","CC","CT","CC","AG","AT","CT","CT","CC","TT"
"817","MALE",121,"CT","AT","TC","CC",NA,"GG","AT","CT","TT","CT","TT"
"818","MALE",92,"TT","TT","CC","CC","CC","AA","TT","CC","TT","CT","TT"
"819","FEMALE",169,"CT","TT","TC","CT","CC","AG","TT","CC","TT","CT","TT"
"820","MALE",140,"TT","AT","CC","CT","CT","AG","AT","CT","CT","TT","TT"
"821","MALE",125,"CC","TT","TC","CT","CC","AA","TT","CC","TT","TT","CT"
"822","FEMALE",155,"CT","TT","TC","CT","CC","AG","AT","CC","TT","CT","TT"
"823","MALE",136,"CT","TT","TC","CT","CC","AA","AT","CC","TT","TT","TT"
"824","FEMALE",159,"CT","TT","CC","CC","CC","AA","TT","CC","TT","CT","CT"
"825","FEMALE",155,"CT","TT","CC","CC","CC",NA,"TT","CC","TT","TT","CT"
"826","MALE",122,"TT","TT","CC","CC","CC","AA","TT","CC","TT","CC","TT"
"827","MALE",191,"TT","AT","CC","CT","CC","AA","TT","CC","TT","CT","TT"
"828","FEMALE",158,"CT","TT","CC","CC","CC","AA","TT","CC","TT","TT","CT"
"829","FEMALE",132,"TT","TT","CC","CT","CC","AA","TT","CC","TT","CT","TT"
"830","MALE",165,"CT","TT","CC","CC","CC",NA,"TT","CC",NA,"CT","CT"
"831","FEMALE",162,"TT","TT","CC","CC","CC","AA","TT","CC","TT","CC","TT"
"832","MALE",129,"CT","TT","TC","TT","CC",NA,"AT","CC","TT","CT","TT"
"833","MALE",132,"TT","AT","CC","CT","CC","AA","TT","CC","TT",NA,"TT"
"834","FEMALE",141,"CT","TT","TC","CT","CC","AG","AT","CC","TT","TT","TT"
"835","MALE",131,"CC","TT","TT","TT","CC","AG","TT","CC","TT","TT","TT"
"836","MALE",123,"TT","AT","CC","CT","CT","AG","AA","CT","TT","TT","TT"
"837","FEMALE",164,"CT","TT","CC","CC","CC","AA","TT","CC","TT","TT","CT"
"838","MALE",153,"CT","TT","TC","CT","CC","AG","AT","CC","TT","TT","TT"
"839","FEMALE",145,"CC","TT","TC","CT","CC","AA","AT","CC","TT","CC","CT"
"840","MALE",122,"TT","TT","CC","CC","CC","AA","TT","CC","TT","CC","TT"
"841","MALE",139,"TT",NA,"CC","CC",NA,"AA","TT","CC","TT","CT","TT"
"842","FEMALE",126,"CT","TT","CC","CC","CC","AA","TT","CC","TT","CT","CT"
"843","MALE",147,"TT","TT","CC","CC","CC","AA","TT",NA,"TT","TT","TT"
"844","FEMALE",113,"TT","TT","CC","CC","CC","AA","TT","CC","TT","CT","TT"
"845","MALE",125,"TT","TT","CC",NA,"CC","AA","TT","CC","TT","CT",NA
"846","FEMALE",156,"TT","TT","CC","CC","CC","AA","TT","CC","TT","CT","TT"
"847","MALE",131,"CT","TT",NA,"CT","CC","AA","TT","CC","TT","CT","TT"
"848","MALE",108,"TT","AT",NA,"CT",NA,NA,"TT","CC",NA,"CT",NA
"849","FEMALE",188,"CT","AT","TC","TT",NA,"GG","AT","CT","CT","CC","TT"
"850","MALE",120,"CT","AT","CC",NA,"CT","AG","AT","CT","TT","CT","CT"
"851","MALE",146,"CC","TT","TC","CT","CC","AA","TT","CC","TT","CC","CT"
"852","FEMALE",159,"CT","AT","TC","TT",NA,"AG","AT","CT","CT","CC","TT"
"853","MALE",159,"CC","TT","TT","TT","CC","AG","TT","CC","TT","CT","TT"
"854","MALE",159,"TT","TT","CC","CC","CC","AA","TT","CC","TT","CT","TT"
"855","FEMALE",179,"CT","TT","TC","CT","CC","AG","TT","CC","TT","CT","TT"
"856","FEMALE",159,"CT","TT","TC","CT","CC","AG","AT","CT","CT","CT","TT"
"857","FEMALE",113,"CT","TT","CC","CC","CC","AA","TT","CC","TT","CT","CT"
"858","MALE",142,"CT","TT","TC","CT","CC","AG","TT","CC","TT","CC","TT"
"859","FEMALE",147,"TT","AT","CC","CT","CT","AG","AT","CT","CT","CC","TT"
"860","MALE",125,"TT","AT","CC","CT","CT","AG","AT","CT","CT","CT","TT"
"861","FEMALE",151,"CT","AT","CC","CT","CT","AG","AT","CT",NA,"CT","CT"
"862","FEMALE",169,"TT","TT","CC","CT","CC","AA","TT","CC","TT","TT","TT"
"863","MALE",108,"CT","AT","TC","TT","CC","AA","TT","CC",NA,"TT","TT"
"864","FEMALE",129,NA,"TT","TC","CT","CC","AG","AT","CT","CT","CC","CT"
"865","MALE",131,"CT","TT","CC","CC","CC","AA","TT","CC","TT","TT","CT"
"866","FEMALE",139,"TT","TT","CC","CC","CC","AA","TT","CC","TT","CC","TT"
"867","FEMALE",149,"CT","TT","TC","CT","CC","AA","TT","CC","TT","TT","TT"
"868","MALE",138,"CT","AT","TC","TT",NA,"AG","AT","CT","TT","CC","TT"
"869","FEMALE",138,"CT","TT","CC","CC","CC","AA","AT","CC","CT","CT","CT"
"870","FEMALE",140,"CC","TT","TC","CT","CC","AA","TT","CC","TT","TT","CT"
"871","FEMALE",122,"CT","TT","TC","CT","CC","AA","TT","CC","TT","CT","TT"
"872","FEMALE",180,"CT","TT","CC","CT","CC","AA","TT","CC","TT","CT","TT"
"873","MALE",149,"TT","TT","CC","CC","CC","AA","TT","CC","TT","CT","TT"
"874","MALE",134,"TT","AT","CC","CT","CC","AA","TT","CC","TT","CT","TT"
"875","FEMALE",161,"CT","TT","TC","CT","CC","AA","TT","CC","TT","TT","TT"
"876","MALE",122,"CT","TT","CC","CC","CC","AA","AT","CT","CT","CC","CT"
"877","MALE",171,"TT","AT","CC","CT","CT","AG","AA","CT","CT","CT","TT"
"878","FEMALE",130,"CT","AT","TC","TT",NA,"AG","AT","CT","TT","CT","TT"
"879","FEMALE",160,"TT","TT","CC","CC","CC","AA","TT","CC","TT","CT","TT"
"880","MALE",140,"CT","AT","CC","CT","CT","AG","AT","CT","TT","TT","CT"
"881","FEMALE",125,"CC","TT","TC","CT","CC","AG","AT","CT","TT","CT","CT"
"882","FEMALE",162,"TT","TT","CC","CC","CC","AA","TT","CC","TT","CT","TT"
"883","FEMALE",103,"CC","TT","CC","CC","CC","AA","TT","CC","TT","TT","CC"
"884","MALE",141,"CC","TT","TT","TT","CC","AG","AT","CC","TT","CT","TT"
"885","FEMALE",125,"CC","TT","TC","CT","CC","AG","AT","CT","CT","CT","CT"
"886","MALE",151,"TT","AT","CC","CT",NA,"GG","AT","CC","TT","TT","TT"
"887","MALE",121,"TT","TT","CC","CC","CC","AA","TT","CC","TT","CT","TT"
"888","FEMALE",125,"TT","TT","CC","CT","CC","AA","TT","CC","TT","CC","TT"
"889","MALE",132,"TT","AT","CC",NA,"CC","AG","AT","CT","CT","CC","TT"
"890","MALE",136,"CT","AT","TC","TT",NA,"AG","AT","CT","CT","CC","TT"
"891","FEMALE",173,"CC","TT","TC","CT","CC","AG","AT","CC","TT","CT","CT"
"892","FEMALE",188,"TT","AT","CC","CT","CT","AG","TT","CC","TT","CT","TT"
"893","FEMALE",140,"TT","TT","CC","CC","CC","AA","TT","CC","TT","CT","TT"
"894","FEMALE",134,"TT","TT","CC","CC","CC","AA","TT","CC","TT","CC","TT"
"895","FEMALE",177,"CT","TT","TC","CT","CC","AA","AT","CC","TT",NA,"TT"
"896","FEMALE",198,"TT","TT","CC","CC","CC","AA","TT","CC","TT","TT","TT"
"897","MALE",141,"CT","TT","CC","CC","CC","AG","AT","CT","CT","CT","CT"
"898","FEMALE",144,"TT","TT",NA,"CC","CC","AA","TT","CC","TT","CC","TT"
"899","FEMALE",196,"TT","TT","CC","CC","CC","AA","TT","CC","TT","CC","TT"
"900","FEMALE",146,"CT","TT","TC","CT","CC","AG","AT","CC","TT","TT","TT"
"901","MALE",138,"TT","TT","CC","CC","CC","AA","TT","CC","TT","CC","TT"
"902","FEMALE",151,"TT","TT","CC","CT","CC","AA","TT","CC","TT","CT","TT"
"903","FEMALE",146,"TT","AT","CC","CT","CT","AG","AA","TT","CC","CT","TT"
"904","MALE",147,"CC","TT","TC","CT","CC","AG","AT","CC","TT","TT","CT"
"905","FEMALE",141,"TT","AT","CC","CT",NA,"AG","TT","CC","TT","CT","TT"
"906","MALE",109,"TT","TT","CC","CC","CC","AA","AT","CC","TT","CT","TT"
"907","MALE",141,"CT","TT","TC","CT","CC","AA","TT","CC","TT","CT","TT"
"908","MALE",113,"CT","TT","TC","CT","CC","AA","AT","CC","TT","CT","TT"
"909","MALE",154,"CT","TT","TC","CT","CC","AG","AT","CC","TT","CT","TT"
"910","FEMALE",106,"CC","TT","CC","CC","CC","AA","TT","CC","TT",NA,"CC"
"911","MALE",121,"CC","TT","TC",NA,"CC","AG","TT","CC","TT","TT","CT"
"912","MALE",111,"TT","TT","CC","CC","CC",NA,"TT","CC","TT","CT","TT"
"913","MALE",137,"CT","TT","TC","CT","CC","AA","TT","CC","TT","TT","TT"
"914","FEMALE",148,"TT","AT","CC","CT","CT","AG","AT","CT","CT","CC","TT"
"915","FEMALE",129,"CT","TT",NA,"CT","CC","AG","AT","CT","CT","CC","TT"
"916","MALE",130,"TT","TT","CC","CC","CC","AA","TT","CC","TT","CC","TT"
"917","FEMALE",151,"CT","TT","CC","CC","CC","AA","TT","CC","TT","TT","CT"
"918","FEMALE",152,"CT","TT","TC","CT","CC","AG","AT","CT","CT","CC","TT"
"919","MALE",174,"TT","TT","CC","CC","CC","AA","TT","CC",NA,"TT","TT"
"920","FEMALE",146,"TT","AT","CC","CT","CT","AG","AT","CT","CT","CT","TT"
"921","MALE",118,"TT","TT","CC","CC","CC","AA","TT","CC","TT","CT","TT"
"922","FEMALE",151,"TT","TT","CC","CC","CC","AA","TT","CC","TT","CT","TT"
"923","MALE",108,"CT","AT","CC","CT","CC","AA","TT","CC","TT","CC","CT"
"924","MALE",137,"CT","TT","CC","CC","CC","AA","TT","CC","TT","CC","CT"
"925","MALE",138,"TT","TT","CC","CC","CC","AA","TT","CC","TT","CC","TT"
"926","FEMALE",172,"CT","AT","TC","TT","CC","AG","TT","CC","TT","CC","TT"
"927","MALE",157,"TT",NA,"CC","CT","CT",NA,"AA","CT","CT","CT","TT"
"928","MALE",133,"TT","TT","CC","CC","CC","AA","TT","CC","TT","CT","TT"
"929","MALE",138,"CT","TT","TC",NA,"CC","AA","TT","CC","TT","CT","TT"
"930","MALE",159,"TT","TT","CC","CC","CC",NA,"AT","CC",NA,"CT","TT"
"931","FEMALE",140,"CT","TT","TC","CT","CC","AG","AT","CT","CT","CC","TT"
"932","MALE",141,"TT","TT","CC","CC","CC","AA","TT","CC","TT","CT","TT"
"933","MALE",139,"TT","TT","CC","CC","CC",NA,"TT","CC","TT","CC","TT"
"934","FEMALE",163,"CC","TT","TC","CT","CC","AA","TT","CC","TT","CT","CT"
"935","FEMALE",159,"CT","AT","TC","TT",NA,"AG","TT","CC","TT","CT","TT"
"936","MALE",147,"TT","AT","CC","CT","CC","AG","AT","CT","CT","CT","TT"
"937","FEMALE",139,"CC","TT","TC","CT","CC","AA","AT","CC","CT","CC","CT"
"938","MALE",131,"TT","TT","CC","CC","CC","AA","TT","CC","TT","CC","TT"
"939","FEMALE",146,"TT","TT","CC","CC","CC","AA","TT","CC","TT","CT","TT"
"940","FEMALE",148,"TT","AT","CC","CT","CC","AA","TT","CC","TT","CT","TT"
"941","FEMALE",145,"CT","TT","CC","CC","CC","AA","AT","CT","CT","CT","CT"
"942","MALE",145,"CT","TT","TC","CT","CC","AA","TT","CC","TT","CC","TT"
"943","MALE",120,"CT","TT",NA,"CC","CC","AA","TT","CC","TT","TT","CT"
"944","MALE",127,"TT","TT","CC",NA,"CC",NA,NA,"CC","TT","CT","TT"
"945","FEMALE",144,"TT","AT","CC","CT","CT","AG","AA","CT","TT","CT","TT"
"946","MALE",135,"CC","TT","TT","TT",NA,"AA","TT","CC","TT","CC","TT"
"947","FEMALE",144,NA,NA,NA,"CT",NA,NA,NA,NA,NA,"CC",NA
"948","FEMALE",157,"TT","AT","CC","CT","CT","AG","AT","CT","CT","TT","TT"
"949","MALE",111,"TT","TT","CC","CC",NA,"AA","TT","CC","TT","CT","TT"
"950","MALE",129,"TT","TT","CC","CC","CC","AA","TT","CC","TT","CC","TT"
"951","MALE",138,"TT","AT","CC","CT","CT",NA,"TT","CC","TT","CT","TT"
"952","MALE",158,"CT","TT","CC","CC","CC","AA","TT","CC","TT","CT","CT"
"953","MALE",134,NA,"TT","TC",NA,"CC",NA,"TT","CC","TT","CT",NA
"954","FEMALE",170,"CT","AT","CC","CT","CT","AG","AT","CT","CT","CT","CT"
"955","MALE",170,"TT","AT","CC","CT","CT","AG","AA","CT","CT","CT","TT"
"956","MALE",150,"CT","AT","TC","TT","CC","AG","AT","CT","CT","CT","TT"
"957","FEMALE",130,"CT","TT","CC","CC","CC","AG","TT","CC","TT","TT","CT"
"958","MALE",144,"CT","TT",NA,"CC","CC",NA,"TT","CC",NA,"CT","CT"
"959","FEMALE",141,"TT","AA","CC","TT","CT","AG","TT","CC","TT","CT","TT"
"960","MALE",174,"CC","TT","TC",NA,"CC","AG","TT","CC","TT","CT","CT"
"961","FEMALE",165,"CT","TT","TC","CT","CC","AG","AT","CC","TT","CT","TT"
"962","FEMALE",173,"TT","TT","CC","CC","CC","AA","AT","CT","CT","CT","TT"
"963","MALE",129,"CT","AT","CC","CT","CT","GG","AT","CC","TT","TT","CT"
"964","MALE",161,"TT","TT","CC","CC","CC","AA","TT","CC","TT","CT","TT"
"965","FEMALE",158,"TT","AT","CC","CT","CT","AG","AT","CT","CT","CT","TT"
"966","FEMALE",143,"CT","TT","CC","CC","CC","AA","TT","CC","TT","CC","CT"
"967","MALE",125,"TT","TT","CC","CC","CC","AG","AT","CC","CT","CC","CT"
"968","MALE",142,"CT","TT","CC",NA,"CC","AA","TT","CC","TT","TT","CT"
"969","MALE",136,"CT","AT","CC","CT","CT","AG","AT","CT",NA,"CT","CT"
"970","FEMALE",139,"TT","TT","CC","CC","CC","AA","TT","CC","TT","CC","TT"
"971","FEMALE",162,"CC","TT","TC","CT","CC","AG","TT","CC","TT",NA,"CT"
"972","FEMALE",168,"TT","AT","CC","CT","CC","AA","TT","CC","TT","CT","TT"
"973","MALE",151,"CC","TT","TC","CT","CC","AA","TT","CC","TT","CC","CT"
"974","FEMALE",128,"CT","TT","CC","CC","CC","AA","AT","CT","CT","CC","CT"
"975","MALE",118,"TT","AT","CC","CT","CT","AG","TT","CC","TT","TT","TT"
"976","FEMALE",168,"CT","AT","CC","CT","CT","AG","AA","CT","CT","CC","CT"
"977","FEMALE",149,"CT","TT","CC","CC","CC","AA","TT","CC","TT","CT","CT"
"978","MALE",170,"CC","TT","TT","TT","CC","GG","AA","CT","TT","CC","TT"
"979","MALE",135,"CT","TT","TC","CT","CC","AA","TT","CC","TT","CT","TT"
"980","MALE",126,"TT","AA","CC","TT","TT","GG","AA","TT","CC","CC","TT"
"981","MALE",111,"TT","TT","CC","CC","CC","AA","TT","CC","TT","CT","TT"
"982","MALE",109,"CT","TT","TC","CT","CC","AA","TT","CC","TT","CT","TT"
"983","FEMALE",128,"CT","TT","TC","CT","CC","AA","TT","CC","TT","CT","TT"
"984","FEMALE",147,"CT","TT","TC","CT","CC","AG","TT","CC","TT","CT","TT"
"985","MALE",92,"CT","TT","CC","CC","CC","AA","TT","CC","TT","CT","CT"
"986","MALE",128,"TT","AA","CC","TT","TT","AG","AA","TT","CC","CC","TT"
"987","FEMALE",129,"CT","AT","CC","CT","CC","AA","TT","CC","TT","CT","CT"
"988","FEMALE",201,"CT","AT","TC","TT",NA,"AG","AT","CT","CT","CT","TT"
"989","FEMALE",118,"CT","TT","CC","CC","CC","AG","AT","CC","TT","TT","CT"
"990","MALE",151,"TT","TT",NA,"CC","CC","AA","TT","CC","TT","CC","TT"
"991","FEMALE",101,"TT","AT","CC","CT","CT","AG","TT","CC","TT","TT","TT"
"992","FEMALE",149,"CT","AT","TC","TT","CT","AA","TT","CC","TT","CT","TT"
"993","MALE",123,"CT","TT","TC","CT","CC",NA,"AT","CC","TT","TT","TT"
"994","FEMALE",148,"CT","AT","TC","TT",NA,"AG","AT","CT","CT","CC","TT"
"995","MALE",141,"CT","AT","TC","TT",NA,"AG","AT","CT","TT","CC","TT"
"996","MALE",138,"TT","TT","CC","CC","CC","AG","AT","CT","CT","TT","TT"
"997","FEMALE",160,"TT","AT","CC","CT","CT","AG","AT","CT","CT","CC","TT"
"998","MALE",149,"CT","TT","CC","CC","CC","AA","AT","CC","TT","CT","CT"
"999","FEMALE",130,"CT","AT","CC","CT","CC","AG","AT","CT","CT","CT","CT"
"1000","FEMALE",139,"TT","TT","CC","CC","CC","AA","TT","CC","TT","CC","TT"
